task,split_mode,missingness_name,missingness_mechanism,missingness_scope,method,rac1p_equalized_odds_diff,sex_equalized_odds_diff,rac1p_x_sex_equalized_odds_diff
ACSEmployment,geographic,full,mcar,train_and_prediction,erm,0.19389710823706047,0.06661184942412794,0.28966904727034
ACSEmployment,geographic,mcar_10_train_prediction,mcar,train_and_prediction,erm,0.19389710823706047,0.06661184942412794,0.28966904727034
ACSEmployment,geographic,mcar_20_train_prediction,mcar,train_and_prediction,erm,0.19389710823706047,0.06661184942412794,0.28966904727034
ACSEmployment,geographic,mcar_40_train_prediction,mcar,train_and_prediction,erm,0.19389710823706047,0.06661184942412794,0.28966904727034
ACSEmployment,geographic,mcar_50_train_prediction,mcar,train_and_prediction,erm,0.19389710823706047,0.06661184942412794,0.28966904727034
ACSEmployment,geographic,mcar_60_train_prediction,mcar,train_and_prediction,erm,0.19389710823706047,0.06661184942412794,0.28966904727034
ACSEmployment,geographic,mcar_80_train_prediction,mcar,train_and_prediction,erm,0.19389710823706047,0.06661184942412794,0.28966904727034
ACSEmployment,geographic,mnar_10_train_prediction,mnar,train_and_prediction,erm,0.19389710823706047,0.06661184942412794,0.28966904727034
ACSEmployment,geographic,mnar_20_train_prediction,mnar,train_and_prediction,erm,0.19389710823706047,0.06661184942412794,0.28966904727034
ACSEmployment,geographic,mnar_50_train_prediction,mnar,train_and_prediction,erm,0.19389710823706047,0.06661184942412794,0.28966904727034
ACSEmployment,geographic,none_observed,mcar,train_and_prediction,erm,0.19389710823706047,0.06661184942412794,0.28966904727034
ACSEmployment,geographic,full,mcar,train_and_prediction,feature_mixing,0.19302285327793262,0.06835368364837002,0.28870549739720575
ACSEmployment,geographic,mcar_10_train_prediction,mcar,train_and_prediction,feature_mixing,0.19302285327793262,0.06835368364837002,0.28870549739720575
ACSEmployment,geographic,mcar_20_train_prediction,mcar,train_and_prediction,feature_mixing,0.19302285327793262,0.06835368364837002,0.28870549739720575
ACSEmployment,geographic,mcar_40_train_prediction,mcar,train_and_prediction,feature_mixing,0.19302285327793262,0.06835368364837002,0.28870549739720575
ACSEmployment,geographic,mcar_50_train_prediction,mcar,train_and_prediction,feature_mixing,0.19302285327793262,0.06835368364837002,0.28870549739720575
ACSEmployment,geographic,mcar_60_train_prediction,mcar,train_and_prediction,feature_mixing,0.19302285327793262,0.06835368364837002,0.28870549739720575
ACSEmployment,geographic,mcar_80_train_prediction,mcar,train_and_prediction,feature_mixing,0.19302285327793262,0.06835368364837002,0.28870549739720575
ACSEmployment,geographic,mnar_10_train_prediction,mnar,train_and_prediction,feature_mixing,0.19302285327793262,0.06835368364837002,0.28870549739720575
ACSEmployment,geographic,mnar_20_train_prediction,mnar,train_and_prediction,feature_mixing,0.19302285327793262,0.06835368364837002,0.28870549739720575
ACSEmployment,geographic,mnar_50_train_prediction,mnar,train_and_prediction,feature_mixing,0.19302285327793262,0.06835368364837002,0.28870549739720575
ACSEmployment,geographic,none_observed,mcar,train_and_prediction,feature_mixing,0.19302285327793262,0.06835368364837002,0.28870549739720575
ACSEmployment,geographic,full,mcar,train_and_prediction,protected_group_mixing,0.1953443425419875,0.06582562365724692,0.28855896556047234
ACSEmployment,geographic,mcar_10_train_prediction,mcar,train_and_prediction,protected_group_mixing,0.19747386354038918,0.06560860009759054,0.29101606065439584
ACSEmployment,geographic,mcar_20_train_prediction,mcar,train_and_prediction,protected_group_mixing,0.19634502610149743,0.06572831121613341,0.28924261019378444
ACSEmployment,geographic,mcar_40_train_prediction,mcar,train_and_prediction,protected_group_mixing,0.1982701631107265,0.06576984172757992,0.28856033127158504
ACSEmployment,geographic,mcar_50_train_prediction,mcar,train_and_prediction,protected_group_mixing,0.19606300979750071,0.06597772027842409,0.28774516950045065
ACSEmployment,geographic,mcar_60_train_prediction,mcar,train_and_prediction,protected_group_mixing,0.1965009705643325,0.06562957790741032,0.2876144400446314
ACSEmployment,geographic,mcar_80_train_prediction,mcar,train_and_prediction,protected_group_mixing,0.19745602513592217,0.06554515328678817,0.2882099764257339
ACSEmployment,geographic,mnar_10_train_prediction,mnar,train_and_prediction,protected_group_mixing,0.19561763732028825,0.06573074827575724,0.2894182902517829
ACSEmployment,geographic,mnar_20_train_prediction,mnar,train_and_prediction,protected_group_mixing,0.195731093245055,0.0657069063052121,0.2869480925127441
ACSEmployment,geographic,mnar_50_train_prediction,mnar,train_and_prediction,protected_group_mixing,0.19629819732470344,0.0658719569787569,0.28958551143075667
ACSEmployment,geographic,none_observed,mcar,train_and_prediction,protected_group_mixing,0.19389710823706047,0.06661184942412794,0.28966904727034
ACSEmployment,geographic,full,mcar,train_and_prediction,reweighing,0.19349234017026493,0.06716220174537375,0.2889513888220565
ACSEmployment,geographic,mcar_10_train_prediction,mcar,train_and_prediction,reweighing,0.1949257318477234,0.06688880805129356,0.28901081643891663
ACSEmployment,geographic,mcar_20_train_prediction,mcar,train_and_prediction,reweighing,0.19550253000414042,0.06687433021504571,0.28952613265160426
ACSEmployment,geographic,mcar_40_train_prediction,mcar,train_and_prediction,reweighing,0.1933715159626968,0.06685664105121977,0.28893419814675664
ACSEmployment,geographic,mcar_50_train_prediction,mcar,train_and_prediction,reweighing,0.19458869023114672,0.067196067961558,0.2893370050782561
ACSEmployment,geographic,mcar_60_train_prediction,mcar,train_and_prediction,reweighing,0.19391286909375793,0.06692773173956634,0.2895746276367687
ACSEmployment,geographic,mcar_80_train_prediction,mcar,train_and_prediction,reweighing,0.1942439091402591,0.06703970338715536,0.28830319473849203
ACSEmployment,geographic,mnar_10_train_prediction,mnar,train_and_prediction,reweighing,0.19523280081307864,0.06664064840076257,0.28802160279078903
ACSEmployment,geographic,mnar_20_train_prediction,mnar,train_and_prediction,reweighing,0.19469973948371735,0.06676880706571942,0.28764788570286715
ACSEmployment,geographic,mnar_50_train_prediction,mnar,train_and_prediction,reweighing,0.1950268937784531,0.06701196598948843,0.28729107019152655
ACSEmployment,geographic,none_observed,mcar,train_and_prediction,reweighing,0.19389710823706047,0.06661184942412794,0.28966904727034
ACSEmployment,geographic,full,mcar,train_and_prediction,threshold_optimizer_eo,0.1609924390782766,0.018147471620121144,0.23023529366742992
ACSEmployment,geographic,mcar_10_train_prediction,mcar,train_and_prediction,threshold_optimizer_eo,0.16778067255975915,0.04200792863692609,0.23482443716597454
ACSEmployment,geographic,mcar_20_train_prediction,mcar,train_and_prediction,threshold_optimizer_eo,0.16873783185021574,0.03609158347022565,0.23735390077404542
ACSEmployment,geographic,mcar_40_train_prediction,mcar,train_and_prediction,threshold_optimizer_eo,0.17484379115041473,0.03087214026076144,0.23752890518256906
ACSEmployment,geographic,mcar_50_train_prediction,mcar,train_and_prediction,threshold_optimizer_eo,0.17066145226968882,0.0273704352885959,0.23110262159023473
ACSEmployment,geographic,mcar_60_train_prediction,mcar,train_and_prediction,threshold_optimizer_eo,0.17347675010128802,0.025685309708783906,0.23738338902455994
ACSEmployment,geographic,mcar_80_train_prediction,mcar,train_and_prediction,threshold_optimizer_eo,0.1680275447518951,0.020100120328040254,0.23321587295333657
ACSEmployment,geographic,mnar_10_train_prediction,mnar,train_and_prediction,threshold_optimizer_eo,0.18101214989309813,0.04128711010838388,0.25299271809565566
ACSEmployment,geographic,mnar_20_train_prediction,mnar,train_and_prediction,threshold_optimizer_eo,0.1687049044176359,0.03434283458283984,0.2346853428289989
ACSEmployment,geographic,mnar_50_train_prediction,mnar,train_and_prediction,threshold_optimizer_eo,0.16918313525115894,0.02327493498313112,0.23774442915759533
ACSEmployment,geographic,none_observed,mcar,train_and_prediction,threshold_optimizer_eo,0.19830506542623672,0.06467380575244831,0.2906877417998163
ACSEmployment,temporal,full,mcar,train_and_prediction,erm,0.23363818834237607,0.06549917879618264,0.33864535521459105
ACSEmployment,temporal,mcar_10_train_prediction,mcar,train_and_prediction,erm,0.23363818834237607,0.06549917879618264,0.33864535521459105
ACSEmployment,temporal,mcar_20_train_prediction,mcar,train_and_prediction,erm,0.23363818834237607,0.06549917879618264,0.33864535521459105
ACSEmployment,temporal,mcar_40_train_prediction,mcar,train_and_prediction,erm,0.23363818834237607,0.06549917879618264,0.33864535521459105
ACSEmployment,temporal,mcar_50_train_prediction,mcar,train_and_prediction,erm,0.23363818834237607,0.06549917879618264,0.33864535521459105
ACSEmployment,temporal,mcar_60_train_prediction,mcar,train_and_prediction,erm,0.23363818834237607,0.06549917879618264,0.33864535521459105
ACSEmployment,temporal,mcar_80_train_prediction,mcar,train_and_prediction,erm,0.23363818834237607,0.06549917879618264,0.33864535521459105
ACSEmployment,temporal,mnar_10_train_prediction,mnar,train_and_prediction,erm,0.23363818834237607,0.06549917879618264,0.33864535521459105
ACSEmployment,temporal,mnar_20_train_prediction,mnar,train_and_prediction,erm,0.23363818834237607,0.06549917879618264,0.33864535521459105
ACSEmployment,temporal,mnar_50_train_prediction,mnar,train_and_prediction,erm,0.23363818834237607,0.06549917879618264,0.33864535521459105
ACSEmployment,temporal,none_observed,mcar,train_and_prediction,erm,0.23363818834237607,0.06549917879618264,0.33864535521459105
ACSEmployment,temporal,full,mcar,train_and_prediction,feature_mixing,0.22167285707985274,0.06471996860656119,0.34120829799918373
ACSEmployment,temporal,mcar_10_train_prediction,mcar,train_and_prediction,feature_mixing,0.22167285707985274,0.06471996860656119,0.34120829799918373
ACSEmployment,temporal,mcar_20_train_prediction,mcar,train_and_prediction,feature_mixing,0.22167285707985274,0.06471996860656119,0.34120829799918373
ACSEmployment,temporal,mcar_40_train_prediction,mcar,train_and_prediction,feature_mixing,0.22167285707985274,0.06471996860656119,0.34120829799918373
ACSEmployment,temporal,mcar_50_train_prediction,mcar,train_and_prediction,feature_mixing,0.22167285707985274,0.06471996860656119,0.34120829799918373
ACSEmployment,temporal,mcar_60_train_prediction,mcar,train_and_prediction,feature_mixing,0.22167285707985274,0.06471996860656119,0.34120829799918373
ACSEmployment,temporal,mcar_80_train_prediction,mcar,train_and_prediction,feature_mixing,0.22167285707985274,0.06471996860656119,0.34120829799918373
ACSEmployment,temporal,mnar_10_train_prediction,mnar,train_and_prediction,feature_mixing,0.22167285707985274,0.06471996860656119,0.34120829799918373
ACSEmployment,temporal,mnar_20_train_prediction,mnar,train_and_prediction,feature_mixing,0.22167285707985274,0.06471996860656119,0.34120829799918373
ACSEmployment,temporal,mnar_50_train_prediction,mnar,train_and_prediction,feature_mixing,0.22167285707985274,0.06471996860656119,0.34120829799918373
ACSEmployment,temporal,none_observed,mcar,train_and_prediction,feature_mixing,0.22167285707985274,0.06471996860656119,0.34120829799918373
ACSEmployment,temporal,full,mcar,train_and_prediction,protected_group_mixing,0.22041278633727476,0.06549153280708454,0.33610071086272103
ACSEmployment,temporal,mcar_10_train_prediction,mcar,train_and_prediction,protected_group_mixing,0.22497116464629163,0.0659152540796177,0.3297573844391523
ACSEmployment,temporal,mcar_20_train_prediction,mcar,train_and_prediction,protected_group_mixing,0.22296839048723713,0.06474714356921887,0.3382284014832494
ACSEmployment,temporal,mcar_40_train_prediction,mcar,train_and_prediction,protected_group_mixing,0.21660094425434315,0.0645933829741931,0.3276177499672304
ACSEmployment,temporal,mcar_50_train_prediction,mcar,train_and_prediction,protected_group_mixing,0.23553115292231255,0.06464887731914251,0.34699566558094724
ACSEmployment,temporal,mcar_60_train_prediction,mcar,train_and_prediction,protected_group_mixing,0.23087546482013177,0.06534224558059937,0.3448832688308861
ACSEmployment,temporal,mcar_80_train_prediction,mcar,train_and_prediction,protected_group_mixing,0.23197146553357237,0.06517981824953348,0.35060191287067466
ACSEmployment,temporal,mnar_10_train_prediction,mnar,train_and_prediction,protected_group_mixing,0.22919568316969116,0.0641660867693395,0.3352395480299283
ACSEmployment,temporal,mnar_20_train_prediction,mnar,train_and_prediction,protected_group_mixing,0.22873755737016974,0.0642980959235724,0.3489738254509741
ACSEmployment,temporal,mnar_50_train_prediction,mnar,train_and_prediction,protected_group_mixing,0.23070853786451212,0.06547736004847891,0.332224181604941
ACSEmployment,temporal,none_observed,mcar,train_and_prediction,protected_group_mixing,0.23363818834237607,0.06549917879618264,0.33864535521459105
ACSEmployment,temporal,full,mcar,train_and_prediction,reweighing,0.22830242459939884,0.06618885703969266,0.3347271945801696
ACSEmployment,temporal,mcar_10_train_prediction,mcar,train_and_prediction,reweighing,0.23221799051377842,0.06562493192931941,0.33565816705674056
ACSEmployment,temporal,mcar_20_train_prediction,mcar,train_and_prediction,reweighing,0.23581935204011237,0.06547400819513101,0.3388591075764753
ACSEmployment,temporal,mcar_40_train_prediction,mcar,train_and_prediction,reweighing,0.23249412267893443,0.06579056568503054,0.33811018269721854
ACSEmployment,temporal,mcar_50_train_prediction,mcar,train_and_prediction,reweighing,0.2386276749039681,0.06554720153317066,0.34198009455135475
ACSEmployment,temporal,mcar_60_train_prediction,mcar,train_and_prediction,reweighing,0.23579598580106334,0.06587850123072843,0.34610723765856316
ACSEmployment,temporal,mcar_80_train_prediction,mcar,train_and_prediction,reweighing,0.23161288176964356,0.06605654011680222,0.33419743321655493
ACSEmployment,temporal,mnar_10_train_prediction,mnar,train_and_prediction,reweighing,0.23431860421102949,0.06525236376882516,0.3446028408502252
ACSEmployment,temporal,mnar_20_train_prediction,mnar,train_and_prediction,reweighing,0.2296492714402157,0.06577980939446769,0.3424499560626114
ACSEmployment,temporal,mnar_50_train_prediction,mnar,train_and_prediction,reweighing,0.23468612013223325,0.06550185167044989,0.33524640344769
ACSEmployment,temporal,none_observed,mcar,train_and_prediction,reweighing,0.23363818834237607,0.06549917879618264,0.33864535521459105
ACSEmployment,temporal,full,mcar,train_and_prediction,threshold_optimizer_eo,0.2201775123180623,0.014140861315934967,0.4159759232668177
ACSEmployment,temporal,mcar_10_train_prediction,mcar,train_and_prediction,threshold_optimizer_eo,0.189363726781591,0.034166553203881164,0.2852716121671113
ACSEmployment,temporal,mcar_20_train_prediction,mcar,train_and_prediction,threshold_optimizer_eo,0.17792653360644728,0.033761552996234546,0.3114247857840023
ACSEmployment,temporal,mcar_40_train_prediction,mcar,train_and_prediction,threshold_optimizer_eo,0.20932714874036076,0.023951571325756545,0.39423747006765253
ACSEmployment,temporal,mcar_50_train_prediction,mcar,train_and_prediction,threshold_optimizer_eo,0.23035078422499297,0.020074343923152053,0.4006810426688892
ACSEmployment,temporal,mcar_60_train_prediction,mcar,train_and_prediction,threshold_optimizer_eo,0.20497359288822,0.012123155436575812,0.3462824234851149
ACSEmployment,temporal,mcar_80_train_prediction,mcar,train_and_prediction,threshold_optimizer_eo,0.2407100785662575,0.009186827969887087,0.417032030116585
ACSEmployment,temporal,mnar_10_train_prediction,mnar,train_and_prediction,threshold_optimizer_eo,0.17426685363736408,0.03570121906708469,0.2701033747401646
ACSEmployment,temporal,mnar_20_train_prediction,mnar,train_and_prediction,threshold_optimizer_eo,0.15896917149146414,0.026003195893500294,0.24890367596186086
ACSEmployment,temporal,mnar_50_train_prediction,mnar,train_and_prediction,threshold_optimizer_eo,0.1800497610256044,0.021357233033518344,0.3247669485149183
ACSEmployment,temporal,none_observed,mcar,train_and_prediction,threshold_optimizer_eo,0.20973890625717917,0.06440688815597313,0.32171738958612467
ACSIncome,geographic,full,mcar,train_and_prediction,erm,0.3953731237563761,0.027768076956887548,0.47894459756701874
ACSIncome,geographic,mcar_10_train_prediction,mcar,train_and_prediction,erm,0.3953731237563761,0.027768076956887548,0.47894459756701874
ACSIncome,geographic,mcar_20_train_prediction,mcar,train_and_prediction,erm,0.3953731237563761,0.027768076956887548,0.47894459756701874
ACSIncome,geographic,mcar_40_train_prediction,mcar,train_and_prediction,erm,0.3953731237563761,0.027768076956887548,0.47894459756701874
ACSIncome,geographic,mcar_50_train_prediction,mcar,train_and_prediction,erm,0.3953731237563761,0.027768076956887548,0.47894459756701874
ACSIncome,geographic,mcar_60_train_prediction,mcar,train_and_prediction,erm,0.3953731237563761,0.027768076956887548,0.47894459756701874
ACSIncome,geographic,mcar_80_train_prediction,mcar,train_and_prediction,erm,0.3953731237563761,0.027768076956887548,0.47894459756701874
ACSIncome,geographic,mnar_10_train_prediction,mnar,train_and_prediction,erm,0.3953731237563761,0.027768076956887548,0.47894459756701874
ACSIncome,geographic,mnar_20_train_prediction,mnar,train_and_prediction,erm,0.3953731237563761,0.027768076956887548,0.47894459756701874
ACSIncome,geographic,mnar_50_train_prediction,mnar,train_and_prediction,erm,0.3953731237563761,0.027768076956887548,0.47894459756701874
ACSIncome,geographic,none_observed,mcar,train_and_prediction,erm,0.3953731237563761,0.027768076956887548,0.47894459756701874
ACSIncome,geographic,full,mcar,train_and_prediction,feature_mixing,0.3782621599898795,0.026830471008488448,0.4552004590502089
ACSIncome,geographic,mcar_10_train_prediction,mcar,train_and_prediction,feature_mixing,0.3782621599898795,0.026830471008488448,0.4552004590502089
ACSIncome,geographic,mcar_20_train_prediction,mcar,train_and_prediction,feature_mixing,0.3782621599898795,0.026830471008488448,0.4552004590502089
ACSIncome,geographic,mcar_40_train_prediction,mcar,train_and_prediction,feature_mixing,0.3782621599898795,0.026830471008488448,0.4552004590502089
ACSIncome,geographic,mcar_50_train_prediction,mcar,train_and_prediction,feature_mixing,0.3782621599898795,0.026830471008488448,0.4552004590502089
ACSIncome,geographic,mcar_60_train_prediction,mcar,train_and_prediction,feature_mixing,0.3782621599898795,0.026830471008488448,0.4552004590502089
ACSIncome,geographic,mcar_80_train_prediction,mcar,train_and_prediction,feature_mixing,0.3782621599898795,0.026830471008488448,0.4552004590502089
ACSIncome,geographic,mnar_10_train_prediction,mnar,train_and_prediction,feature_mixing,0.3782621599898795,0.026830471008488448,0.4552004590502089
ACSIncome,geographic,mnar_20_train_prediction,mnar,train_and_prediction,feature_mixing,0.3782621599898795,0.026830471008488448,0.4552004590502089
ACSIncome,geographic,mnar_50_train_prediction,mnar,train_and_prediction,feature_mixing,0.3782621599898795,0.026830471008488448,0.4552004590502089
ACSIncome,geographic,none_observed,mcar,train_and_prediction,feature_mixing,0.3782621599898795,0.026830471008488448,0.4552004590502089
ACSIncome,geographic,full,mcar,train_and_prediction,protected_group_mixing,0.3636537525835337,0.030041694779252965,0.44975004747861774
ACSIncome,geographic,mcar_10_train_prediction,mcar,train_and_prediction,protected_group_mixing,0.3692102073709086,0.0298645546139865,0.45617433395146356
ACSIncome,geographic,mcar_20_train_prediction,mcar,train_and_prediction,protected_group_mixing,0.3620413382536935,0.029633939328222135,0.44773847570784137
ACSIncome,geographic,mcar_40_train_prediction,mcar,train_and_prediction,protected_group_mixing,0.36546860484016874,0.02970510719739388,0.4580045225558221
ACSIncome,geographic,mcar_50_train_prediction,mcar,train_and_prediction,protected_group_mixing,0.3679701089530088,0.029186222106463842,0.451582508352966
ACSIncome,geographic,mcar_60_train_prediction,mcar,train_and_prediction,protected_group_mixing,0.36022156354716994,0.028309386643500963,0.45554874118498706
ACSIncome,geographic,mcar_80_train_prediction,mcar,train_and_prediction,protected_group_mixing,0.36329138263818506,0.02983714807487435,0.45448988814953584
ACSIncome,geographic,mnar_10_train_prediction,mnar,train_and_prediction,protected_group_mixing,0.3598366227123486,0.029222091827708324,0.44702387584689307
ACSIncome,geographic,mnar_20_train_prediction,mnar,train_and_prediction,protected_group_mixing,0.36998755198952915,0.028514623963964304,0.46137486375270187
ACSIncome,geographic,mnar_50_train_prediction,mnar,train_and_prediction,protected_group_mixing,0.3683597755258181,0.02909386449972807,0.44943553666535746
ACSIncome,geographic,none_observed,mcar,train_and_prediction,protected_group_mixing,0.3953731237563761,0.027768076956887548,0.47894459756701874
ACSIncome,geographic,full,mcar,train_and_prediction,reweighing,0.37715933825020004,0.060671218741905224,0.4762400171611324
ACSIncome,geographic,mcar_10_train_prediction,mcar,train_and_prediction,reweighing,0.3948465917483807,0.02956420732427793,0.4841740790147173
ACSIncome,geographic,mcar_20_train_prediction,mcar,train_and_prediction,reweighing,0.38818104854263796,0.031324890648551706,0.4760950940717054
ACSIncome,geographic,mcar_40_train_prediction,mcar,train_and_prediction,reweighing,0.37831931729789425,0.03725936222488387,0.47239303319476433
ACSIncome,geographic,mcar_50_train_prediction,mcar,train_and_prediction,reweighing,0.38163494183266145,0.039941759772774095,0.47542710579273895
ACSIncome,geographic,mcar_60_train_prediction,mcar,train_and_prediction,reweighing,0.3820175718088513,0.043369900084941876,0.4781611801432081
ACSIncome,geographic,mcar_80_train_prediction,mcar,train_and_prediction,reweighing,0.382363041021755,0.052181098193932664,0.47831202209836465
ACSIncome,geographic,mnar_10_train_prediction,mnar,train_and_prediction,reweighing,0.3905359428397991,0.02964450272738851,0.4775904775261658
ACSIncome,geographic,mnar_20_train_prediction,mnar,train_and_prediction,reweighing,0.3926865840183478,0.030418731732479908,0.4764422121875149
ACSIncome,geographic,mnar_50_train_prediction,mnar,train_and_prediction,reweighing,0.3886370255921313,0.037538171308607066,0.4823471675399054
ACSIncome,geographic,none_observed,mcar,train_and_prediction,reweighing,0.3953731237563761,0.027768076956887548,0.47894459756701874
ACSIncome,geographic,full,mcar,train_and_prediction,threshold_optimizer_eo,0.2034925894157074,0.02217772781536118,0.265285583855587
ACSIncome,geographic,mcar_10_train_prediction,mcar,train_and_prediction,threshold_optimizer_eo,0.2265709105794836,0.02211891352747442,0.2884803227675595
ACSIncome,geographic,mcar_20_train_prediction,mcar,train_and_prediction,threshold_optimizer_eo,0.19657431122292496,0.016695573657870676,0.24348435276056807
ACSIncome,geographic,mcar_40_train_prediction,mcar,train_and_prediction,threshold_optimizer_eo,0.19946472222660383,0.01898079216142202,0.2568703828358224
ACSIncome,geographic,mcar_50_train_prediction,mcar,train_and_prediction,threshold_optimizer_eo,0.20911919864256226,0.018293937049009543,0.268676147680359
ACSIncome,geographic,mcar_60_train_prediction,mcar,train_and_prediction,threshold_optimizer_eo,0.20899280939798492,0.018977800187632295,0.2651735333189577
ACSIncome,geographic,mcar_80_train_prediction,mcar,train_and_prediction,threshold_optimizer_eo,0.2014712749872338,0.019312437513117016,0.2668829517883077
ACSIncome,geographic,mnar_10_train_prediction,mnar,train_and_prediction,threshold_optimizer_eo,0.2343313994054303,0.018840862081313466,0.28250076101613436
ACSIncome,geographic,mnar_20_train_prediction,mnar,train_and_prediction,threshold_optimizer_eo,0.22350498407763708,0.019822577118857175,0.2768986845968863
ACSIncome,geographic,mnar_50_train_prediction,mnar,train_and_prediction,threshold_optimizer_eo,0.19885616788717972,0.019699633234650172,0.2545786974171053
ACSIncome,geographic,none_observed,mcar,train_and_prediction,threshold_optimizer_eo,0.3245121788703553,0.027272599382340595,0.404195793430791
ACSIncome,temporal,full,mcar,train_and_prediction,erm,0.5065246587244663,0.030725505976566907,0.6071934345221716
ACSIncome,temporal,mcar_10_train_prediction,mcar,train_and_prediction,erm,0.5065246587244663,0.030725505976566907,0.6071934345221716
ACSIncome,temporal,mcar_20_train_prediction,mcar,train_and_prediction,erm,0.5065246587244663,0.030725505976566907,0.6071934345221716
ACSIncome,temporal,mcar_40_train_prediction,mcar,train_and_prediction,erm,0.5065246587244663,0.030725505976566907,0.6071934345221716
ACSIncome,temporal,mcar_50_train_prediction,mcar,train_and_prediction,erm,0.5065246587244663,0.030725505976566907,0.6071934345221716
ACSIncome,temporal,mcar_60_train_prediction,mcar,train_and_prediction,erm,0.5065246587244663,0.030725505976566907,0.6071934345221716
ACSIncome,temporal,mcar_80_train_prediction,mcar,train_and_prediction,erm,0.5065246587244663,0.030725505976566907,0.6071934345221716
ACSIncome,temporal,mnar_10_train_prediction,mnar,train_and_prediction,erm,0.5065246587244663,0.030725505976566907,0.6071934345221716
ACSIncome,temporal,mnar_20_train_prediction,mnar,train_and_prediction,erm,0.5065246587244663,0.030725505976566907,0.6071934345221716
ACSIncome,temporal,mnar_50_train_prediction,mnar,train_and_prediction,erm,0.5065246587244663,0.030725505976566907,0.6071934345221716
ACSIncome,temporal,none_observed,mcar,train_and_prediction,erm,0.5065246587244663,0.030725505976566907,0.6071934345221716
ACSIncome,temporal,full,mcar,train_and_prediction,feature_mixing,0.5102877036771165,0.025714534477009564,0.5904489476805818
ACSIncome,temporal,mcar_10_train_prediction,mcar,train_and_prediction,feature_mixing,0.5102877036771165,0.025714534477009564,0.5904489476805818
ACSIncome,temporal,mcar_20_train_prediction,mcar,train_and_prediction,feature_mixing,0.5102877036771165,0.025714534477009564,0.5904489476805818
ACSIncome,temporal,mcar_40_train_prediction,mcar,train_and_prediction,feature_mixing,0.5102877036771165,0.025714534477009564,0.5904489476805818
ACSIncome,temporal,mcar_50_train_prediction,mcar,train_and_prediction,feature_mixing,0.5102877036771165,0.025714534477009564,0.5904489476805818
ACSIncome,temporal,mcar_60_train_prediction,mcar,train_and_prediction,feature_mixing,0.5102877036771165,0.025714534477009564,0.5904489476805818
ACSIncome,temporal,mcar_80_train_prediction,mcar,train_and_prediction,feature_mixing,0.5102877036771165,0.025714534477009564,0.5904489476805818
ACSIncome,temporal,mnar_10_train_prediction,mnar,train_and_prediction,feature_mixing,0.5102877036771165,0.025714534477009564,0.5904489476805818
ACSIncome,temporal,mnar_20_train_prediction,mnar,train_and_prediction,feature_mixing,0.5102877036771165,0.025714534477009564,0.5904489476805818
ACSIncome,temporal,mnar_50_train_prediction,mnar,train_and_prediction,feature_mixing,0.5102877036771165,0.025714534477009564,0.5904489476805818
ACSIncome,temporal,none_observed,mcar,train_and_prediction,feature_mixing,0.5102877036771165,0.025714534477009564,0.5904489476805818
ACSIncome,temporal,full,mcar,train_and_prediction,protected_group_mixing,0.48761556541210194,0.040727561371171214,0.5910984632263776
ACSIncome,temporal,mcar_10_train_prediction,mcar,train_and_prediction,protected_group_mixing,0.5390574319328002,0.03739177723404059,0.6290659833591679
ACSIncome,temporal,mcar_20_train_prediction,mcar,train_and_prediction,protected_group_mixing,0.5086229422971102,0.03988174307866259,0.5805324875488882
ACSIncome,temporal,mcar_40_train_prediction,mcar,train_and_prediction,protected_group_mixing,0.48525242301584637,0.04391682353527829,0.5580112911028572
ACSIncome,temporal,mcar_50_train_prediction,mcar,train_and_prediction,protected_group_mixing,0.49173778943131113,0.04030591607039544,0.5774410258917633
ACSIncome,temporal,mcar_60_train_prediction,mcar,train_and_prediction,protected_group_mixing,0.48597562033055275,0.04087458899023032,0.5828198060982243
ACSIncome,temporal,mcar_80_train_prediction,mcar,train_and_prediction,protected_group_mixing,0.5044043335162024,0.038681914739056286,0.6046404624900915
ACSIncome,temporal,mnar_10_train_prediction,mnar,train_and_prediction,protected_group_mixing,0.48090568249553406,0.03236552916169074,0.5952790454151662
ACSIncome,temporal,mnar_20_train_prediction,mnar,train_and_prediction,protected_group_mixing,0.5115539680070001,0.04085881061690739,0.5889335170619929
ACSIncome,temporal,mnar_50_train_prediction,mnar,train_and_prediction,protected_group_mixing,0.5134266991194446,0.039978310320227535,0.612500652497196
ACSIncome,temporal,none_observed,mcar,train_and_prediction,protected_group_mixing,0.5065246587244663,0.030725505976566907,0.6071934345221716
ACSIncome,temporal,full,mcar,train_and_prediction,reweighing,0.5194629851521464,0.08701376722184175,0.6149189662430676
ACSIncome,temporal,mcar_10_train_prediction,mcar,train_and_prediction,reweighing,0.504691701486997,0.03717269730017406,0.5844381177650136
ACSIncome,temporal,mcar_20_train_prediction,mcar,train_and_prediction,reweighing,0.5158670450027558,0.04425334733376134,0.5921958733543936
ACSIncome,temporal,mcar_40_train_prediction,mcar,train_and_prediction,reweighing,0.5297412889568959,0.05711798396613729,0.6189932654806907
ACSIncome,temporal,mcar_50_train_prediction,mcar,train_and_prediction,reweighing,0.5074856694171522,0.06406089902542983,0.5975888800200813
ACSIncome,temporal,mcar_60_train_prediction,mcar,train_and_prediction,reweighing,0.5116780615453501,0.06957862968674514,0.6213626291371427
ACSIncome,temporal,mcar_80_train_prediction,mcar,train_and_prediction,reweighing,0.5050258457953507,0.07928818838934658,0.6027842575178248
ACSIncome,temporal,mnar_10_train_prediction,mnar,train_and_prediction,reweighing,0.5103990684156484,0.03612781162670587,0.5862581566648931
ACSIncome,temporal,mnar_20_train_prediction,mnar,train_and_prediction,reweighing,0.5147482843200885,0.040431940443754436,0.5984404471014072
ACSIncome,temporal,mnar_50_train_prediction,mnar,train_and_prediction,reweighing,0.5140493398050182,0.05252624299669707,0.601920971589844
ACSIncome,temporal,none_observed,mcar,train_and_prediction,reweighing,0.5065246587244663,0.030725505976566907,0.6071934345221716
ACSIncome,temporal,full,mcar,train_and_prediction,threshold_optimizer_eo,0.30046556933562146,0.016261779242500267,0.49596643553514014
ACSIncome,temporal,mcar_10_train_prediction,mcar,train_and_prediction,threshold_optimizer_eo,0.2579510160188796,0.012404564729951906,0.4081982225692702
ACSIncome,temporal,mcar_20_train_prediction,mcar,train_and_prediction,threshold_optimizer_eo,0.23819277228916752,0.015177615228359188,0.37469086059856466
ACSIncome,temporal,mcar_40_train_prediction,mcar,train_and_prediction,threshold_optimizer_eo,0.2911529617108232,0.013706423109733402,0.4371847335975776
ACSIncome,temporal,mcar_50_train_prediction,mcar,train_and_prediction,threshold_optimizer_eo,0.24004196744307996,0.014353916049912574,0.4417300183691901
ACSIncome,temporal,mcar_60_train_prediction,mcar,train_and_prediction,threshold_optimizer_eo,0.2619653001935859,0.014926360355404001,0.49048128741445574
ACSIncome,temporal,mcar_80_train_prediction,mcar,train_and_prediction,threshold_optimizer_eo,0.32210167752943986,0.016530353061440333,0.5082130805353283
ACSIncome,temporal,mnar_10_train_prediction,mnar,train_and_prediction,threshold_optimizer_eo,0.3450667974629942,0.017629180508272814,0.48171064777468847
ACSIncome,temporal,mnar_20_train_prediction,mnar,train_and_prediction,threshold_optimizer_eo,0.28616919659944656,0.01963937866223683,0.45689416025426277
ACSIncome,temporal,mnar_50_train_prediction,mnar,train_and_prediction,threshold_optimizer_eo,0.2170747203830505,0.013231479139504862,0.3785225445399419
ACSIncome,temporal,none_observed,mcar,train_and_prediction,threshold_optimizer_eo,0.4526304466130852,0.017833370246811826,0.5820823145919878
ACSMobility,geographic,full,mcar,train_and_prediction,erm,0.11752174533317725,0.016393180625910154,0.1562685082035616
ACSMobility,geographic,mcar_10_train_prediction,mcar,train_and_prediction,erm,0.11752174533317725,0.016393180625910154,0.1562685082035616
ACSMobility,geographic,mcar_20_train_prediction,mcar,train_and_prediction,erm,0.11752174533317725,0.016393180625910154,0.1562685082035616
ACSMobility,geographic,mcar_40_train_prediction,mcar,train_and_prediction,erm,0.11752174533317725,0.016393180625910154,0.1562685082035616
ACSMobility,geographic,mcar_50_train_prediction,mcar,train_and_prediction,erm,0.11752174533317725,0.016393180625910154,0.1562685082035616
ACSMobility,geographic,mcar_60_train_prediction,mcar,train_and_prediction,erm,0.11752174533317725,0.016393180625910154,0.1562685082035616
ACSMobility,geographic,mcar_80_train_prediction,mcar,train_and_prediction,erm,0.11752174533317725,0.016393180625910154,0.1562685082035616
ACSMobility,geographic,mnar_10_train_prediction,mnar,train_and_prediction,erm,0.11752174533317725,0.016393180625910154,0.1562685082035616
ACSMobility,geographic,mnar_20_train_prediction,mnar,train_and_prediction,erm,0.11752174533317725,0.016393180625910154,0.1562685082035616
ACSMobility,geographic,mnar_50_train_prediction,mnar,train_and_prediction,erm,0.11752174533317725,0.016393180625910154,0.1562685082035616
ACSMobility,geographic,none_observed,mcar,train_and_prediction,erm,0.11752174533317725,0.016393180625910154,0.1562685082035616
ACSMobility,geographic,full,mcar,train_and_prediction,feature_mixing,0.1648367968557484,0.02581056779083487,0.21074932967175936
ACSMobility,geographic,mcar_10_train_prediction,mcar,train_and_prediction,feature_mixing,0.1648367968557484,0.02581056779083487,0.21074932967175936
ACSMobility,geographic,mcar_20_train_prediction,mcar,train_and_prediction,feature_mixing,0.1648367968557484,0.02581056779083487,0.21074932967175936
ACSMobility,geographic,mcar_40_train_prediction,mcar,train_and_prediction,feature_mixing,0.1648367968557484,0.02581056779083487,0.21074932967175936
ACSMobility,geographic,mcar_50_train_prediction,mcar,train_and_prediction,feature_mixing,0.1648367968557484,0.02581056779083487,0.21074932967175936
ACSMobility,geographic,mcar_60_train_prediction,mcar,train_and_prediction,feature_mixing,0.1648367968557484,0.02581056779083487,0.21074932967175936
ACSMobility,geographic,mcar_80_train_prediction,mcar,train_and_prediction,feature_mixing,0.1648367968557484,0.02581056779083487,0.21074932967175936
ACSMobility,geographic,mnar_10_train_prediction,mnar,train_and_prediction,feature_mixing,0.1648367968557484,0.02581056779083487,0.21074932967175936
ACSMobility,geographic,mnar_20_train_prediction,mnar,train_and_prediction,feature_mixing,0.1648367968557484,0.02581056779083487,0.21074932967175936
ACSMobility,geographic,mnar_50_train_prediction,mnar,train_and_prediction,feature_mixing,0.1648367968557484,0.02581056779083487,0.21074932967175936
ACSMobility,geographic,none_observed,mcar,train_and_prediction,feature_mixing,0.1648367968557484,0.02581056779083487,0.21074932967175936
ACSMobility,geographic,full,mcar,train_and_prediction,protected_group_mixing,0.15442642306964416,0.026531571986218458,0.20074381122635865
ACSMobility,geographic,mcar_10_train_prediction,mcar,train_and_prediction,protected_group_mixing,0.13670306556917575,0.021160999217514256,0.17470595369302144
ACSMobility,geographic,mcar_20_train_prediction,mcar,train_and_prediction,protected_group_mixing,0.13461437238743337,0.023020805247166275,0.17684139316034936
ACSMobility,geographic,mcar_40_train_prediction,mcar,train_and_prediction,protected_group_mixing,0.15002878824336716,0.02481715545959386,0.18837579692168674
ACSMobility,geographic,mcar_50_train_prediction,mcar,train_and_prediction,protected_group_mixing,0.14208858977829597,0.023882189839560065,0.18538458937300792
ACSMobility,geographic,mcar_60_train_prediction,mcar,train_and_prediction,protected_group_mixing,0.14371133668387787,0.02407219872560719,0.1838606358620373
ACSMobility,geographic,mcar_80_train_prediction,mcar,train_and_prediction,protected_group_mixing,0.14954096808505957,0.025779500928946205,0.18695833836564854
ACSMobility,geographic,mnar_10_train_prediction,mnar,train_and_prediction,protected_group_mixing,0.12332689319969854,0.021441211323640064,0.1635287482533882
ACSMobility,geographic,mnar_20_train_prediction,mnar,train_and_prediction,protected_group_mixing,0.13618194538329947,0.021602272492464814,0.16766104296422646
ACSMobility,geographic,mnar_50_train_prediction,mnar,train_and_prediction,protected_group_mixing,0.13510116839011285,0.024043790455311888,0.1764712112943949
ACSMobility,geographic,none_observed,mcar,train_and_prediction,protected_group_mixing,0.11752174533317725,0.016393180625910154,0.1562685082035616
ACSMobility,geographic,full,mcar,train_and_prediction,reweighing,0.11421329697446131,0.01735947872802977,0.15023284540384452
ACSMobility,geographic,mcar_10_train_prediction,mcar,train_and_prediction,reweighing,0.1176014412247906,0.016907134586375838,0.15753451953099332
ACSMobility,geographic,mcar_20_train_prediction,mcar,train_and_prediction,reweighing,0.1192762286178816,0.016311420200872225,0.15585070404137552
ACSMobility,geographic,mcar_40_train_prediction,mcar,train_and_prediction,reweighing,0.1237370515624593,0.016398626397689107,0.1578998984717848
ACSMobility,geographic,mcar_50_train_prediction,mcar,train_and_prediction,reweighing,0.12264752945529488,0.016625294324321572,0.1627493907213278
ACSMobility,geographic,mcar_60_train_prediction,mcar,train_and_prediction,reweighing,0.11523019372309164,0.01698077910373173,0.15374088455744256
ACSMobility,geographic,mcar_80_train_prediction,mcar,train_and_prediction,reweighing,0.11807179160040611,0.017750146625084173,0.15683276104943378
ACSMobility,geographic,mnar_10_train_prediction,mnar,train_and_prediction,reweighing,0.11567233669817092,0.015727138131873215,0.1578852883133936
ACSMobility,geographic,mnar_20_train_prediction,mnar,train_and_prediction,reweighing,0.11973806324005642,0.016836245988587212,0.16118135577334636
ACSMobility,geographic,mnar_50_train_prediction,mnar,train_and_prediction,reweighing,0.12348777097379678,0.01668584498362961,0.15942093285284917
ACSMobility,geographic,none_observed,mcar,train_and_prediction,reweighing,0.11752174533317725,0.016393180625910154,0.1562685082035616
ACSMobility,geographic,full,mcar,train_and_prediction,threshold_optimizer_eo,0.23759925831497378,0.023285873799099206,0.31213387040973417
ACSMobility,geographic,mcar_10_train_prediction,mcar,train_and_prediction,threshold_optimizer_eo,0.18430639312596944,0.019794216600696385,0.23905228467927175
ACSMobility,geographic,mcar_20_train_prediction,mcar,train_and_prediction,threshold_optimizer_eo,0.18712401335419498,0.01820728737198199,0.22154684950387846
ACSMobility,geographic,mcar_40_train_prediction,mcar,train_and_prediction,threshold_optimizer_eo,0.20560112388584256,0.02130309724054126,0.28209092354239146
ACSMobility,geographic,mcar_50_train_prediction,mcar,train_and_prediction,threshold_optimizer_eo,0.196124045073609,0.021820749767383577,0.26094162712784763
ACSMobility,geographic,mcar_60_train_prediction,mcar,train_and_prediction,threshold_optimizer_eo,0.21194267313416026,0.0223499056450051,0.27362877298707555
ACSMobility,geographic,mcar_80_train_prediction,mcar,train_and_prediction,threshold_optimizer_eo,0.2315071200025783,0.022453428908045338,0.2941311677902797
ACSMobility,geographic,mnar_10_train_prediction,mnar,train_and_prediction,threshold_optimizer_eo,0.20617723494583332,0.022987644997306378,0.260512956296247
ACSMobility,geographic,mnar_20_train_prediction,mnar,train_and_prediction,threshold_optimizer_eo,0.17906707823281842,0.020984002695205457,0.2285990481964038
ACSMobility,geographic,mnar_50_train_prediction,mnar,train_and_prediction,threshold_optimizer_eo,0.18340373252441008,0.018996524126561182,0.22376534395607858
ACSMobility,geographic,none_observed,mcar,train_and_prediction,threshold_optimizer_eo,0.3138590063617785,0.029028085908897217,0.38886520839283184
ACSMobility,temporal,full,mcar,train_and_prediction,erm,0.10795383728819233,0.009835884748663834,0.1809576805977007
ACSMobility,temporal,mcar_10_train_prediction,mcar,train_and_prediction,erm,0.10795383728819233,0.009835884748663834,0.1809576805977007
ACSMobility,temporal,mcar_20_train_prediction,mcar,train_and_prediction,erm,0.10795383728819233,0.009835884748663834,0.1809576805977007
ACSMobility,temporal,mcar_40_train_prediction,mcar,train_and_prediction,erm,0.10795383728819233,0.009835884748663834,0.1809576805977007
ACSMobility,temporal,mcar_50_train_prediction,mcar,train_and_prediction,erm,0.10795383728819233,0.009835884748663834,0.1809576805977007
ACSMobility,temporal,mcar_60_train_prediction,mcar,train_and_prediction,erm,0.10795383728819233,0.009835884748663834,0.1809576805977007
ACSMobility,temporal,mcar_80_train_prediction,mcar,train_and_prediction,erm,0.10795383728819233,0.009835884748663834,0.1809576805977007
ACSMobility,temporal,mnar_10_train_prediction,mnar,train_and_prediction,erm,0.10795383728819233,0.009835884748663834,0.1809576805977007
ACSMobility,temporal,mnar_20_train_prediction,mnar,train_and_prediction,erm,0.10795383728819233,0.009835884748663834,0.1809576805977007
ACSMobility,temporal,mnar_50_train_prediction,mnar,train_and_prediction,erm,0.10795383728819233,0.009835884748663834,0.1809576805977007
ACSMobility,temporal,none_observed,mcar,train_and_prediction,erm,0.10795383728819233,0.009835884748663834,0.1809576805977007
ACSMobility,temporal,full,mcar,train_and_prediction,feature_mixing,0.12632573586785237,0.012808433532295885,0.18906491746939505
ACSMobility,temporal,mcar_10_train_prediction,mcar,train_and_prediction,feature_mixing,0.12632573586785237,0.012808433532295885,0.18906491746939505
ACSMobility,temporal,mcar_20_train_prediction,mcar,train_and_prediction,feature_mixing,0.12632573586785237,0.012808433532295885,0.18906491746939505
ACSMobility,temporal,mcar_40_train_prediction,mcar,train_and_prediction,feature_mixing,0.12632573586785237,0.012808433532295885,0.18906491746939505
ACSMobility,temporal,mcar_50_train_prediction,mcar,train_and_prediction,feature_mixing,0.12632573586785237,0.012808433532295885,0.18906491746939505
ACSMobility,temporal,mcar_60_train_prediction,mcar,train_and_prediction,feature_mixing,0.12632573586785237,0.012808433532295885,0.18906491746939505
ACSMobility,temporal,mcar_80_train_prediction,mcar,train_and_prediction,feature_mixing,0.12632573586785237,0.012808433532295885,0.18906491746939505
ACSMobility,temporal,mnar_10_train_prediction,mnar,train_and_prediction,feature_mixing,0.12632573586785237,0.012808433532295885,0.18906491746939505
ACSMobility,temporal,mnar_20_train_prediction,mnar,train_and_prediction,feature_mixing,0.12632573586785237,0.012808433532295885,0.18906491746939505
ACSMobility,temporal,mnar_50_train_prediction,mnar,train_and_prediction,feature_mixing,0.12632573586785237,0.012808433532295885,0.18906491746939505
ACSMobility,temporal,none_observed,mcar,train_and_prediction,feature_mixing,0.12632573586785237,0.012808433532295885,0.18906491746939505
ACSMobility,temporal,full,mcar,train_and_prediction,protected_group_mixing,0.13083046516204044,0.014030295746540753,0.20992077454426117
ACSMobility,temporal,mcar_10_train_prediction,mcar,train_and_prediction,protected_group_mixing,0.11169963757798132,0.0144531682923304,0.17941682971794315
ACSMobility,temporal,mcar_20_train_prediction,mcar,train_and_prediction,protected_group_mixing,0.1048852037248401,0.014669422802957747,0.17189678961808716
ACSMobility,temporal,mcar_40_train_prediction,mcar,train_and_prediction,protected_group_mixing,0.13026360506736895,0.012818245736281026,0.19670727545619957
ACSMobility,temporal,mcar_50_train_prediction,mcar,train_and_prediction,protected_group_mixing,0.12180970505077719,0.015341663810996647,0.1888433734061247
ACSMobility,temporal,mcar_60_train_prediction,mcar,train_and_prediction,protected_group_mixing,0.13515469022696414,0.01265267693348784,0.21182308045418108
ACSMobility,temporal,mcar_80_train_prediction,mcar,train_and_prediction,protected_group_mixing,0.13630521462966844,0.01401702417164552,0.20409454263034085
ACSMobility,temporal,mnar_10_train_prediction,mnar,train_and_prediction,protected_group_mixing,0.11940174425495767,0.01089545999991468,0.1983645396043826
ACSMobility,temporal,mnar_20_train_prediction,mnar,train_and_prediction,protected_group_mixing,0.12144879758989992,0.010324070394612753,0.18640743034884436
ACSMobility,temporal,mnar_50_train_prediction,mnar,train_and_prediction,protected_group_mixing,0.13358753420015962,0.0122927224460507,0.2080614143354487
ACSMobility,temporal,none_observed,mcar,train_and_prediction,protected_group_mixing,0.10795383728819233,0.009835884748663834,0.1809576805977007
ACSMobility,temporal,full,mcar,train_and_prediction,reweighing,0.10837393641278091,0.009151564576281902,0.17791297883571913
ACSMobility,temporal,mcar_10_train_prediction,mcar,train_and_prediction,reweighing,0.10398758302741928,0.009054980153798532,0.17483976666486947
ACSMobility,temporal,mcar_20_train_prediction,mcar,train_and_prediction,reweighing,0.10602796939884866,0.008840641055551834,0.171091060016706
ACSMobility,temporal,mcar_40_train_prediction,mcar,train_and_prediction,reweighing,0.11984332499641168,0.009778895387437007,0.1976784890647744
ACSMobility,temporal,mcar_50_train_prediction,mcar,train_and_prediction,reweighing,0.1177452517672066,0.009629057566714474,0.19376800656137277
ACSMobility,temporal,mcar_60_train_prediction,mcar,train_and_prediction,reweighing,0.12071383454752303,0.010398186597498839,0.19861177948952732
ACSMobility,temporal,mcar_80_train_prediction,mcar,train_and_prediction,reweighing,0.09969514284269484,0.009044893154460226,0.17283105723067127
ACSMobility,temporal,mnar_10_train_prediction,mnar,train_and_prediction,reweighing,0.10531566230503854,0.008701262204844027,0.17256109888824972
ACSMobility,temporal,mnar_20_train_prediction,mnar,train_and_prediction,reweighing,0.10870157474873325,0.009204179841870988,0.1739059710211021
ACSMobility,temporal,mnar_50_train_prediction,mnar,train_and_prediction,reweighing,0.12012568071230977,0.008945647200557773,0.18158635421480962
ACSMobility,temporal,none_observed,mcar,train_and_prediction,reweighing,0.10795383728819233,0.009835884748663834,0.1809576805977007
ACSMobility,temporal,full,mcar,train_and_prediction,threshold_optimizer_eo,0.27719309996662467,0.02127307252906564,0.47650341312647626
ACSMobility,temporal,mcar_10_train_prediction,mcar,train_and_prediction,threshold_optimizer_eo,0.20949112771354036,0.016352033831548454,0.3106634245427339
ACSMobility,temporal,mcar_20_train_prediction,mcar,train_and_prediction,threshold_optimizer_eo,0.13887389711563697,0.010817694502215867,0.24736726672518838
ACSMobility,temporal,mcar_40_train_prediction,mcar,train_and_prediction,threshold_optimizer_eo,0.2150010127085892,0.013972358789295565,0.32960379454927846
ACSMobility,temporal,mcar_50_train_prediction,mcar,train_and_prediction,threshold_optimizer_eo,0.22459336422102064,0.013263771587681312,0.41160057907890185
ACSMobility,temporal,mcar_60_train_prediction,mcar,train_and_prediction,threshold_optimizer_eo,0.21194970527157062,0.011834341195969201,0.3760146160275014
ACSMobility,temporal,mcar_80_train_prediction,mcar,train_and_prediction,threshold_optimizer_eo,0.22367711096748033,0.015848628111782174,0.44020244507728373
ACSMobility,temporal,mnar_10_train_prediction,mnar,train_and_prediction,threshold_optimizer_eo,0.23607578523616296,0.010850285045415726,0.3434637501659116
ACSMobility,temporal,mnar_20_train_prediction,mnar,train_and_prediction,threshold_optimizer_eo,0.20861900256275237,0.012896194382964148,0.282046806982942
ACSMobility,temporal,mnar_50_train_prediction,mnar,train_and_prediction,threshold_optimizer_eo,0.19063658981790282,0.012545098398816052,0.2961804840347368
ACSMobility,temporal,none_observed,mcar,train_and_prediction,threshold_optimizer_eo,0.3232871105256111,0.016277923933994933,0.4155837137385017
ACSPublicCoverage,geographic,full,mcar,train_and_prediction,erm,0.3612175080869603,0.05293401169422707,0.419643647698446
ACSPublicCoverage,geographic,mcar_10_train_prediction,mcar,train_and_prediction,erm,0.3612175080869603,0.05293401169422707,0.419643647698446
ACSPublicCoverage,geographic,mcar_20_train_prediction,mcar,train_and_prediction,erm,0.3612175080869603,0.05293401169422707,0.419643647698446
ACSPublicCoverage,geographic,mcar_40_train_prediction,mcar,train_and_prediction,erm,0.3612175080869603,0.05293401169422707,0.419643647698446
ACSPublicCoverage,geographic,mcar_50_train_prediction,mcar,train_and_prediction,erm,0.3612175080869603,0.05293401169422707,0.419643647698446
ACSPublicCoverage,geographic,mcar_60_train_prediction,mcar,train_and_prediction,erm,0.3612175080869603,0.05293401169422707,0.419643647698446
ACSPublicCoverage,geographic,mcar_80_train_prediction,mcar,train_and_prediction,erm,0.3612175080869603,0.05293401169422707,0.419643647698446
ACSPublicCoverage,geographic,mnar_10_train_prediction,mnar,train_and_prediction,erm,0.3612175080869603,0.05293401169422707,0.419643647698446
ACSPublicCoverage,geographic,mnar_20_train_prediction,mnar,train_and_prediction,erm,0.3612175080869603,0.05293401169422707,0.419643647698446
ACSPublicCoverage,geographic,mnar_50_train_prediction,mnar,train_and_prediction,erm,0.3612175080869603,0.05293401169422707,0.419643647698446
ACSPublicCoverage,geographic,none_observed,mcar,train_and_prediction,erm,0.3612175080869603,0.05293401169422707,0.419643647698446
ACSPublicCoverage,geographic,full,mcar,train_and_prediction,feature_mixing,0.35800923035913806,0.05438014097582661,0.4198557627566039
ACSPublicCoverage,geographic,mcar_10_train_prediction,mcar,train_and_prediction,feature_mixing,0.35800923035913806,0.05438014097582661,0.4198557627566039
ACSPublicCoverage,geographic,mcar_20_train_prediction,mcar,train_and_prediction,feature_mixing,0.35800923035913806,0.05438014097582661,0.4198557627566039
ACSPublicCoverage,geographic,mcar_40_train_prediction,mcar,train_and_prediction,feature_mixing,0.35800923035913806,0.05438014097582661,0.4198557627566039
ACSPublicCoverage,geographic,mcar_50_train_prediction,mcar,train_and_prediction,feature_mixing,0.35800923035913806,0.05438014097582661,0.4198557627566039
ACSPublicCoverage,geographic,mcar_60_train_prediction,mcar,train_and_prediction,feature_mixing,0.35800923035913806,0.05438014097582661,0.4198557627566039
ACSPublicCoverage,geographic,mcar_80_train_prediction,mcar,train_and_prediction,feature_mixing,0.35800923035913806,0.05438014097582661,0.4198557627566039
ACSPublicCoverage,geographic,mnar_10_train_prediction,mnar,train_and_prediction,feature_mixing,0.35800923035913806,0.05438014097582661,0.4198557627566039
ACSPublicCoverage,geographic,mnar_20_train_prediction,mnar,train_and_prediction,feature_mixing,0.35800923035913806,0.05438014097582661,0.4198557627566039
ACSPublicCoverage,geographic,mnar_50_train_prediction,mnar,train_and_prediction,feature_mixing,0.35800923035913806,0.05438014097582661,0.4198557627566039
ACSPublicCoverage,geographic,none_observed,mcar,train_and_prediction,feature_mixing,0.35800923035913806,0.05438014097582661,0.4198557627566039
ACSPublicCoverage,geographic,full,mcar,train_and_prediction,protected_group_mixing,0.3440832126854673,0.05563447897316271,0.4076539064629482
ACSPublicCoverage,geographic,mcar_10_train_prediction,mcar,train_and_prediction,protected_group_mixing,0.3447840953157622,0.058583963446078274,0.41091892618026066
ACSPublicCoverage,geographic,mcar_20_train_prediction,mcar,train_and_prediction,protected_group_mixing,0.34397370834657354,0.05678925918892125,0.4078902364027552
ACSPublicCoverage,geographic,mcar_40_train_prediction,mcar,train_and_prediction,protected_group_mixing,0.3451632127869796,0.05672806784208378,0.4084694560581662
ACSPublicCoverage,geographic,mcar_50_train_prediction,mcar,train_and_prediction,protected_group_mixing,0.34542895529793566,0.05569297614919082,0.4074617369274953
ACSPublicCoverage,geographic,mcar_60_train_prediction,mcar,train_and_prediction,protected_group_mixing,0.3464415595308967,0.05561189440746182,0.4094858302867566
ACSPublicCoverage,geographic,mcar_80_train_prediction,mcar,train_and_prediction,protected_group_mixing,0.3473281820794051,0.05565860361776174,0.406084589365943
ACSPublicCoverage,geographic,mnar_10_train_prediction,mnar,train_and_prediction,protected_group_mixing,0.33851967390097487,0.05750789278125998,0.4094034430869526
ACSPublicCoverage,geographic,mnar_20_train_prediction,mnar,train_and_prediction,protected_group_mixing,0.3473511710692528,0.05690381991877064,0.4147600978812218
ACSPublicCoverage,geographic,mnar_50_train_prediction,mnar,train_and_prediction,protected_group_mixing,0.3435992321982648,0.056652565568010786,0.4121631200064661
ACSPublicCoverage,geographic,none_observed,mcar,train_and_prediction,protected_group_mixing,0.3612175080869603,0.05293401169422707,0.419643647698446
ACSPublicCoverage,geographic,full,mcar,train_and_prediction,reweighing,0.3452380051610107,0.04165613851198199,0.40327273376211675
ACSPublicCoverage,geographic,mcar_10_train_prediction,mcar,train_and_prediction,reweighing,0.3563586530047246,0.051340101653426666,0.41595269681691793
ACSPublicCoverage,geographic,mcar_20_train_prediction,mcar,train_and_prediction,reweighing,0.3568035926992742,0.050278320142849615,0.41492137646825217
ACSPublicCoverage,geographic,mcar_40_train_prediction,mcar,train_and_prediction,reweighing,0.35301814181611874,0.048115395844987405,0.4110335266840133
ACSPublicCoverage,geographic,mcar_50_train_prediction,mcar,train_and_prediction,reweighing,0.3504929915232306,0.047274629137167595,0.412639602208406
ACSPublicCoverage,geographic,mcar_60_train_prediction,mcar,train_and_prediction,reweighing,0.3498045880674076,0.045622754262113284,0.41157935558928677
ACSPublicCoverage,geographic,mcar_80_train_prediction,mcar,train_and_prediction,reweighing,0.3468891237040331,0.044247062014638815,0.40571042238271293
ACSPublicCoverage,geographic,mnar_10_train_prediction,mnar,train_and_prediction,reweighing,0.3620758038854869,0.05093026307494994,0.42119400464359347
ACSPublicCoverage,geographic,mnar_20_train_prediction,mnar,train_and_prediction,reweighing,0.36013718982859505,0.04982639595279988,0.4197176675610606
ACSPublicCoverage,geographic,mnar_50_train_prediction,mnar,train_and_prediction,reweighing,0.3526921346093483,0.046368765913441225,0.4141137915370189
ACSPublicCoverage,geographic,none_observed,mcar,train_and_prediction,reweighing,0.3612175080869603,0.05293401169422707,0.419643647698446
ACSPublicCoverage,geographic,full,mcar,train_and_prediction,threshold_optimizer_eo,0.1992128403160543,0.02031020147388685,0.28277307495481857
ACSPublicCoverage,geographic,mcar_10_train_prediction,mcar,train_and_prediction,threshold_optimizer_eo,0.16264574928650377,0.024576714057338335,0.2025595836930936
ACSPublicCoverage,geographic,mcar_20_train_prediction,mcar,train_and_prediction,threshold_optimizer_eo,0.17440377321038034,0.023956635625661336,0.21566312356840797
ACSPublicCoverage,geographic,mcar_40_train_prediction,mcar,train_and_prediction,threshold_optimizer_eo,0.20474244845238,0.024250504683226613,0.25696517133803265
ACSPublicCoverage,geographic,mcar_50_train_prediction,mcar,train_and_prediction,threshold_optimizer_eo,0.2092681121933282,0.02333657367861998,0.2772916035004193
ACSPublicCoverage,geographic,mcar_60_train_prediction,mcar,train_and_prediction,threshold_optimizer_eo,0.20336919292998823,0.020557691055298075,0.284328917305736
ACSPublicCoverage,geographic,mcar_80_train_prediction,mcar,train_and_prediction,threshold_optimizer_eo,0.2001496139598671,0.01842833855116869,0.28144613543023556
ACSPublicCoverage,geographic,mnar_10_train_prediction,mnar,train_and_prediction,threshold_optimizer_eo,0.212903086895474,0.03250517951838107,0.26731859880105585
ACSPublicCoverage,geographic,mnar_20_train_prediction,mnar,train_and_prediction,threshold_optimizer_eo,0.17592758989438156,0.02300962364016793,0.23051181063296838
ACSPublicCoverage,geographic,mnar_50_train_prediction,mnar,train_and_prediction,threshold_optimizer_eo,0.19256082032628674,0.018651031825186817,0.24771078397803842
ACSPublicCoverage,geographic,none_observed,mcar,train_and_prediction,threshold_optimizer_eo,0.3917691937451338,0.0727417654855963,0.4566716013714326
ACSPublicCoverage,temporal,full,mcar,train_and_prediction,erm,0.310413547212847,0.05305018028837614,0.4242558827798319
ACSPublicCoverage,temporal,mcar_10_train_prediction,mcar,train_and_prediction,erm,0.310413547212847,0.05305018028837614,0.4242558827798319
ACSPublicCoverage,temporal,mcar_20_train_prediction,mcar,train_and_prediction,erm,0.310413547212847,0.05305018028837614,0.4242558827798319
ACSPublicCoverage,temporal,mcar_40_train_prediction,mcar,train_and_prediction,erm,0.310413547212847,0.05305018028837614,0.4242558827798319
ACSPublicCoverage,temporal,mcar_50_train_prediction,mcar,train_and_prediction,erm,0.310413547212847,0.05305018028837614,0.4242558827798319
ACSPublicCoverage,temporal,mcar_60_train_prediction,mcar,train_and_prediction,erm,0.310413547212847,0.05305018028837614,0.4242558827798319
ACSPublicCoverage,temporal,mcar_80_train_prediction,mcar,train_and_prediction,erm,0.310413547212847,0.05305018028837614,0.4242558827798319
ACSPublicCoverage,temporal,mnar_10_train_prediction,mnar,train_and_prediction,erm,0.310413547212847,0.05305018028837614,0.4242558827798319
ACSPublicCoverage,temporal,mnar_20_train_prediction,mnar,train_and_prediction,erm,0.310413547212847,0.05305018028837614,0.4242558827798319
ACSPublicCoverage,temporal,mnar_50_train_prediction,mnar,train_and_prediction,erm,0.310413547212847,0.05305018028837614,0.4242558827798319
ACSPublicCoverage,temporal,none_observed,mcar,train_and_prediction,erm,0.310413547212847,0.05305018028837614,0.4242558827798319
ACSPublicCoverage,temporal,full,mcar,train_and_prediction,feature_mixing,0.32375619661302835,0.05258878225914469,0.43389332266757424
ACSPublicCoverage,temporal,mcar_10_train_prediction,mcar,train_and_prediction,feature_mixing,0.32375619661302835,0.05258878225914469,0.43389332266757424
ACSPublicCoverage,temporal,mcar_20_train_prediction,mcar,train_and_prediction,feature_mixing,0.32375619661302835,0.05258878225914469,0.43389332266757424
ACSPublicCoverage,temporal,mcar_40_train_prediction,mcar,train_and_prediction,feature_mixing,0.32375619661302835,0.05258878225914469,0.43389332266757424
ACSPublicCoverage,temporal,mcar_50_train_prediction,mcar,train_and_prediction,feature_mixing,0.32375619661302835,0.05258878225914469,0.43389332266757424
ACSPublicCoverage,temporal,mcar_60_train_prediction,mcar,train_and_prediction,feature_mixing,0.32375619661302835,0.05258878225914469,0.43389332266757424
ACSPublicCoverage,temporal,mcar_80_train_prediction,mcar,train_and_prediction,feature_mixing,0.32375619661302835,0.05258878225914469,0.43389332266757424
ACSPublicCoverage,temporal,mnar_10_train_prediction,mnar,train_and_prediction,feature_mixing,0.32375619661302835,0.05258878225914469,0.43389332266757424
ACSPublicCoverage,temporal,mnar_20_train_prediction,mnar,train_and_prediction,feature_mixing,0.32375619661302835,0.05258878225914469,0.43389332266757424
ACSPublicCoverage,temporal,mnar_50_train_prediction,mnar,train_and_prediction,feature_mixing,0.32375619661302835,0.05258878225914469,0.43389332266757424
ACSPublicCoverage,temporal,none_observed,mcar,train_and_prediction,feature_mixing,0.32375619661302835,0.05258878225914469,0.43389332266757424
ACSPublicCoverage,temporal,full,mcar,train_and_prediction,protected_group_mixing,0.30923227247731383,0.052671385947422523,0.4223198887380238
ACSPublicCoverage,temporal,mcar_10_train_prediction,mcar,train_and_prediction,protected_group_mixing,0.32284078060598315,0.05647181663743972,0.43017838182829304
ACSPublicCoverage,temporal,mcar_20_train_prediction,mcar,train_and_prediction,protected_group_mixing,0.29602535626754095,0.05430987126414267,0.40001876615122545
ACSPublicCoverage,temporal,mcar_40_train_prediction,mcar,train_and_prediction,protected_group_mixing,0.2934889163338678,0.05520615211348803,0.401381807561998
ACSPublicCoverage,temporal,mcar_50_train_prediction,mcar,train_and_prediction,protected_group_mixing,0.3043334687009672,0.0565209232441849,0.40962023720876295
ACSPublicCoverage,temporal,mcar_60_train_prediction,mcar,train_and_prediction,protected_group_mixing,0.29456009436429104,0.05332766379794049,0.3987203263346916
ACSPublicCoverage,temporal,mcar_80_train_prediction,mcar,train_and_prediction,protected_group_mixing,0.29707094387554683,0.05433150059179082,0.4004752282136836
ACSPublicCoverage,temporal,mnar_10_train_prediction,mnar,train_and_prediction,protected_group_mixing,0.3045992468661813,0.05668093445459134,0.39478760658386614
ACSPublicCoverage,temporal,mnar_20_train_prediction,mnar,train_and_prediction,protected_group_mixing,0.32072049163557814,0.05278311267299875,0.43245107700811475
ACSPublicCoverage,temporal,mnar_50_train_prediction,mnar,train_and_prediction,protected_group_mixing,0.31165359857649005,0.05427123483020838,0.4236932216460477
ACSPublicCoverage,temporal,none_observed,mcar,train_and_prediction,protected_group_mixing,0.310413547212847,0.05305018028837614,0.4242558827798319
ACSPublicCoverage,temporal,full,mcar,train_and_prediction,reweighing,0.28955167808782417,0.04104902683950473,0.3964933554692249
ACSPublicCoverage,temporal,mcar_10_train_prediction,mcar,train_and_prediction,reweighing,0.31241941896518066,0.05262181074423444,0.4157357677629889
ACSPublicCoverage,temporal,mcar_20_train_prediction,mcar,train_and_prediction,reweighing,0.31379292545730103,0.05016679423858332,0.41363300647457396
ACSPublicCoverage,temporal,mcar_40_train_prediction,mcar,train_and_prediction,reweighing,0.297250193171083,0.04794455717495634,0.4002923380693996
ACSPublicCoverage,temporal,mcar_50_train_prediction,mcar,train_and_prediction,reweighing,0.29139106144590177,0.04713688299131553,0.39575373227527166
ACSPublicCoverage,temporal,mcar_60_train_prediction,mcar,train_and_prediction,reweighing,0.2919959670272775,0.04517501599077332,0.40003952260919784
ACSPublicCoverage,temporal,mcar_80_train_prediction,mcar,train_and_prediction,reweighing,0.3011009158253137,0.043880772015738444,0.4066371274888179
ACSPublicCoverage,temporal,mnar_10_train_prediction,mnar,train_and_prediction,reweighing,0.30381325315859947,0.05227604064323918,0.4153660693534387
ACSPublicCoverage,temporal,mnar_20_train_prediction,mnar,train_and_prediction,reweighing,0.3057573328118026,0.05039796211613208,0.4119372848239364
ACSPublicCoverage,temporal,mnar_50_train_prediction,mnar,train_and_prediction,reweighing,0.30485931025588864,0.047126888440319446,0.4190060248429385
ACSPublicCoverage,temporal,none_observed,mcar,train_and_prediction,reweighing,0.310413547212847,0.05305018028837614,0.4242558827798319
ACSPublicCoverage,temporal,full,mcar,train_and_prediction,threshold_optimizer_eo,0.19183043484771034,0.010151631824200293,0.340468541624058
ACSPublicCoverage,temporal,mcar_10_train_prediction,mcar,train_and_prediction,threshold_optimizer_eo,0.08609930278666662,0.013075150048186815,0.13466202887795783
ACSPublicCoverage,temporal,mcar_20_train_prediction,mcar,train_and_prediction,threshold_optimizer_eo,0.17360005655533298,0.01758236459675648,0.2582588771926027
ACSPublicCoverage,temporal,mcar_40_train_prediction,mcar,train_and_prediction,threshold_optimizer_eo,0.16094808367856503,0.020052958486246518,0.2645910018629735
ACSPublicCoverage,temporal,mcar_50_train_prediction,mcar,train_and_prediction,threshold_optimizer_eo,0.19405339357901666,0.022231178389690767,0.3608974366860361
ACSPublicCoverage,temporal,mcar_60_train_prediction,mcar,train_and_prediction,threshold_optimizer_eo,0.1949068444246975,0.01692818697487045,0.3304034124141645
ACSPublicCoverage,temporal,mcar_80_train_prediction,mcar,train_and_prediction,threshold_optimizer_eo,0.17020890391272953,0.010251925866040627,0.3482143513940839
ACSPublicCoverage,temporal,mnar_10_train_prediction,mnar,train_and_prediction,threshold_optimizer_eo,0.1814535076409463,0.02815624191052452,0.24917841680790756
ACSPublicCoverage,temporal,mnar_20_train_prediction,mnar,train_and_prediction,threshold_optimizer_eo,0.13777963296627788,0.014729475214840014,0.19758292088035442
ACSPublicCoverage,temporal,mnar_50_train_prediction,mnar,train_and_prediction,threshold_optimizer_eo,0.2008283162310101,0.01463365255882034,0.28113048849399963
ACSPublicCoverage,temporal,none_observed,mcar,train_and_prediction,threshold_optimizer_eo,0.40313209726785354,0.07719460202620505,0.4962090990309195
