method,missingness_name,missingness_mechanism,missingness_scope,availability_bucket,metric,n_runs,delta_missing_vs_oracle,delta_missing_vs_erm,delta_missing_vs_feature_mixing
protected_group_mixing,none_observed,mcar,train_and_prediction,0.0,accuracy,560,0.0013377927684398653,0.0,0.000643823931256877
protected_group_mixing,mcar_10_train_prediction,mcar,train_and_prediction,0.1,accuracy,560,-0.0016210571540615098,-0.002958849922501382,-0.0023150259912445084
protected_group_mixing,mnar_10_train_prediction,mnar,train_and_prediction,0.1,accuracy,560,-0.002254196319815742,-0.0035919890882556158,-0.0029481651569987404
protected_group_mixing,mcar_20_train_prediction,mcar,train_and_prediction,0.2,accuracy,560,-0.0011724295248861593,-0.002510222293326029,-0.0018663983620691568
protected_group_mixing,mnar_20_train_prediction,mnar,train_and_prediction,0.2,accuracy,560,-0.0017436725422558857,-0.0030814653106957623,-0.0024376413794388848
protected_group_mixing,mcar_40_train_prediction,mcar,train_and_prediction,0.4,accuracy,560,-0.0005549220810782854,-0.0018927148495181544,-0.0012488909182612794
protected_group_mixing,mcar_50_train_prediction,mcar,train_and_prediction,0.5,accuracy,560,-0.00030971200329490717,-0.0016475047717347743,-0.0010036808404778987
protected_group_mixing,mnar_50_train_prediction,mnar,train_and_prediction,0.5,accuracy,560,-0.0009627910793608478,-0.0023005838478007204,-0.0016567599165438422
protected_group_mixing,mcar_60_train_prediction,mcar,train_and_prediction,0.6,accuracy,560,-0.0003056298138795071,-0.0016434225823193742,-0.0009995986510624984
protected_group_mixing,mcar_80_train_prediction,mcar,train_and_prediction,0.8,accuracy,560,-2.774453145245234e-05,-0.0013655372998923171,-0.0007217133686354436
protected_group_mixing,none_observed,mcar,train_and_prediction,0.0,balanced_accuracy,560,-0.0004290907074194682,0.0,-0.004053831648802924
protected_group_mixing,mcar_10_train_prediction,mcar,train_and_prediction,0.1,balanced_accuracy,560,-0.003919526164278217,-0.0034904354568587527,-0.007544267105661687
protected_group_mixing,mnar_10_train_prediction,mnar,train_and_prediction,0.1,balanced_accuracy,560,-0.00511173187202942,-0.004682641164609957,-0.008736472813412896
protected_group_mixing,mcar_20_train_prediction,mcar,train_and_prediction,0.2,balanced_accuracy,560,-0.0028670151612896237,-0.002437924453870159,-0.006491756102673089
protected_group_mixing,mnar_20_train_prediction,mnar,train_and_prediction,0.2,balanced_accuracy,560,-0.003929742544910486,-0.0035006518374910258,-0.0075544834862939616
protected_group_mixing,mcar_40_train_prediction,mcar,train_and_prediction,0.4,balanced_accuracy,560,-0.0012673964943411035,-0.0008383057869216417,-0.004892137435724567
protected_group_mixing,mcar_50_train_prediction,mcar,train_and_prediction,0.5,balanced_accuracy,560,-0.0008917479479601386,-0.0004626572405406697,-0.004516488889343602
protected_group_mixing,mnar_50_train_prediction,mnar,train_and_prediction,0.5,balanced_accuracy,560,-0.0024759263618198786,-0.0020468356544004135,-0.006100667303203346
protected_group_mixing,mcar_60_train_prediction,mcar,train_and_prediction,0.6,balanced_accuracy,560,-0.0006671695625221605,-0.00023807885510269372,-0.0042919105039056216
protected_group_mixing,mcar_80_train_prediction,mcar,train_and_prediction,0.8,balanced_accuracy,560,-1.798261371782308e-05,0.00041110809370164733,-0.0036427235551012736
protected_group_mixing,none_observed,mcar,train_and_prediction,0.0,brier,560,-0.0003776513457530111,0.0,0.0006720075578106244
protected_group_mixing,mcar_10_train_prediction,mcar,train_and_prediction,0.1,brier,560,0.0008831112177990508,0.0012607625635520788,0.0019327701213626995
protected_group_mixing,mnar_10_train_prediction,mnar,train_and_prediction,0.1,brier,560,0.0011982318429270087,0.0015758831886800342,0.002247890746490659
protected_group_mixing,mcar_20_train_prediction,mcar,train_and_prediction,0.2,brier,560,0.0005553755219907923,0.0009330268677438144,0.0016050344255544354
protected_group_mixing,mnar_20_train_prediction,mnar,train_and_prediction,0.2,brier,560,0.0009493868489871596,0.0013270381947401832,0.0019990457525508056
protected_group_mixing,mcar_40_train_prediction,mcar,train_and_prediction,0.4,brier,560,0.00022492689443051288,0.0006025782401835326,0.0012745857979941473
protected_group_mixing,mcar_50_train_prediction,mcar,train_and_prediction,0.5,brier,560,0.00012910278225668876,0.0005067541280097049,0.0011787616858203215
protected_group_mixing,mnar_50_train_prediction,mnar,train_and_prediction,0.5,brier,560,0.00045289990215644345,0.0008305512479094668,0.0015025588057200863
protected_group_mixing,mcar_60_train_prediction,mcar,train_and_prediction,0.6,brier,560,9.199913961738876e-05,0.00046965048537040175,0.0011416580431810215
protected_group_mixing,mcar_80_train_prediction,mcar,train_and_prediction,0.8,brier,560,-3.018301940916212e-05,0.00034746832634384277,0.0010194758841544616
protected_group_mixing,none_observed,mcar,train_and_prediction,0.0,rac1p_demographic_parity_diff,560,-3.19928466183031e-05,0.0,-0.007174393148981368
protected_group_mixing,mcar_10_train_prediction,mcar,train_and_prediction,0.1,rac1p_demographic_parity_diff,560,-0.0024306426175512512,-0.00239864977093295,-0.009573042919914315
protected_group_mixing,mnar_10_train_prediction,mnar,train_and_prediction,0.1,rac1p_demographic_parity_diff,560,-0.005276320152708977,-0.0052443273060906815,-0.012418720455072049
protected_group_mixing,mcar_20_train_prediction,mcar,train_and_prediction,0.2,rac1p_demographic_parity_diff,560,-0.0035543157234621666,-0.00352232287684386,-0.01069671602582523
protected_group_mixing,mnar_20_train_prediction,mnar,train_and_prediction,0.2,rac1p_demographic_parity_diff,560,-0.0009296509357148482,-0.0008976580890965452,-0.008072051238077915
protected_group_mixing,mcar_40_train_prediction,mcar,train_and_prediction,0.4,rac1p_demographic_parity_diff,560,-0.0004208286095515442,-0.0003888357629332408,-0.007563228911914605
protected_group_mixing,mcar_50_train_prediction,mcar,train_and_prediction,0.5,rac1p_demographic_parity_diff,560,-0.0008468272596908008,-0.0008148344130725012,-0.007989227562053869
protected_group_mixing,mnar_50_train_prediction,mnar,train_and_prediction,0.5,rac1p_demographic_parity_diff,560,-0.0021720354944528854,-0.002140042647834584,-0.009314435796815953
protected_group_mixing,mcar_60_train_prediction,mcar,train_and_prediction,0.6,rac1p_demographic_parity_diff,560,-0.0013250964574667765,-0.0012931036108484754,-0.008467496759829843
protected_group_mixing,mcar_80_train_prediction,mcar,train_and_prediction,0.8,rac1p_demographic_parity_diff,560,9.551541118149232e-05,0.000127508257799793,-0.007046884891181571
protected_group_mixing,none_observed,mcar,train_and_prediction,0.0,rac1p_equalized_odds_diff,560,0.0026237615166159406,0.0,-0.0064604969798037265
protected_group_mixing,mcar_10_train_prediction,mcar,train_and_prediction,0.1,rac1p_equalized_odds_diff,560,-0.0007319526873834713,-0.003355714203999417,-0.009816211183803145
protected_group_mixing,mnar_10_train_prediction,mnar,train_and_prediction,0.1,rac1p_equalized_odds_diff,560,-0.009349453495447867,-0.011973215012063816,-0.018433711991867545
protected_group_mixing,mcar_20_train_prediction,mcar,train_and_prediction,0.2,rac1p_equalized_odds_diff,560,-0.0050008904876953615,-0.007624652004311306,-0.014085148984115033
protected_group_mixing,mnar_20_train_prediction,mnar,train_and_prediction,0.2,rac1p_equalized_odds_diff,560,-0.0009222326267469472,-0.0035459941433628917,-0.010006491123166622
protected_group_mixing,mcar_40_train_prediction,mcar,train_and_prediction,0.4,rac1p_equalized_odds_diff,560,-0.00028463972889894163,-0.0029084012455148885,-0.009368898225318613
protected_group_mixing,mcar_50_train_prediction,mcar,train_and_prediction,0.5,rac1p_equalized_odds_diff,560,-0.0011871749660480322,-0.0038109364826639735,-0.010271433462467703
protected_group_mixing,mnar_50_train_prediction,mnar,train_and_prediction,0.5,rac1p_equalized_odds_diff,560,-0.002052482990426007,-0.004676244507041949,-0.011136741486845682
protected_group_mixing,mcar_60_train_prediction,mcar,train_and_prediction,0.6,rac1p_equalized_odds_diff,560,-0.002414135471422031,-0.005037896988037975,-0.011498393967841703
protected_group_mixing,mcar_80_train_prediction,mcar,train_and_prediction,0.8,rac1p_equalized_odds_diff,560,0.0006044935798862024,-0.0020192679367297428,-0.00847976491653347
protected_group_mixing,none_observed,mcar,train_and_prediction,0.0,rac1p_worst_group_accuracy,560,0.00047196560156133517,0.0,-0.00014258578612281862
protected_group_mixing,mcar_10_train_prediction,mcar,train_and_prediction,0.1,rac1p_worst_group_accuracy,560,-0.001807939232197621,-0.0022799048337589565,-0.002422490619881776
protected_group_mixing,mnar_10_train_prediction,mnar,train_and_prediction,0.1,rac1p_worst_group_accuracy,560,-0.002075790392303977,-0.0025477559938653117,-0.0026903417799881333
protected_group_mixing,mcar_20_train_prediction,mcar,train_and_prediction,0.2,rac1p_worst_group_accuracy,560,-0.0008010337681934753,-0.0012729993697548128,-0.001415585155877632
protected_group_mixing,mnar_20_train_prediction,mnar,train_and_prediction,0.2,rac1p_worst_group_accuracy,560,-0.0014891961743200303,-0.001961161775881369,-0.0021037475620041867
protected_group_mixing,mcar_40_train_prediction,mcar,train_and_prediction,0.4,rac1p_worst_group_accuracy,560,-0.0002749472198039826,-0.0007469128213653154,-0.0008894986074881359
protected_group_mixing,mcar_50_train_prediction,mcar,train_and_prediction,0.5,rac1p_worst_group_accuracy,560,5.1266657784491084e-06,-0.0004668389357828831,-0.0006094247219057056
protected_group_mixing,mnar_50_train_prediction,mnar,train_and_prediction,0.5,rac1p_worst_group_accuracy,560,-0.0011354228249529721,-0.0016073884265143089,-0.001749974212637129
protected_group_mixing,mcar_60_train_prediction,mcar,train_and_prediction,0.6,rac1p_worst_group_accuracy,560,0.00018160113549528322,-0.00029036446606604956,-0.0004329502521888688
protected_group_mixing,mcar_80_train_prediction,mcar,train_and_prediction,0.8,rac1p_worst_group_accuracy,560,-1.8563514902000497e-05,-0.0004905291164633343,-0.0006331149025861557
protected_group_mixing,none_observed,mcar,train_and_prediction,0.0,rac1p_x_sex_demographic_parity_diff,560,-0.0010427817127042984,0.0,-0.01087666203133598
protected_group_mixing,mcar_10_train_prediction,mcar,train_and_prediction,0.1,rac1p_x_sex_demographic_parity_diff,560,-0.0030682397701607966,-0.002025458057456504,-0.012902120088792482
protected_group_mixing,mnar_10_train_prediction,mnar,train_and_prediction,0.1,rac1p_x_sex_demographic_parity_diff,560,-0.006372468802419947,-0.0053296870897156555,-0.016206349121051636
protected_group_mixing,mcar_20_train_prediction,mcar,train_and_prediction,0.2,rac1p_x_sex_demographic_parity_diff,560,-0.0048690434545366435,-0.0038262617418323487,-0.014702923773168328
protected_group_mixing,mnar_20_train_prediction,mnar,train_and_prediction,0.2,rac1p_x_sex_demographic_parity_diff,560,-0.002715550120336333,-0.0016727684076320378,-0.012549430438968017
protected_group_mixing,mcar_40_train_prediction,mcar,train_and_prediction,0.4,rac1p_x_sex_demographic_parity_diff,560,-0.0011894656484255596,-0.00014668393572126075,-0.011023345967057244
protected_group_mixing,mcar_50_train_prediction,mcar,train_and_prediction,0.5,rac1p_x_sex_demographic_parity_diff,560,-0.0020098665945713903,-0.0009670848818670944,-0.01184374691320307
protected_group_mixing,mnar_50_train_prediction,mnar,train_and_prediction,0.5,rac1p_x_sex_demographic_parity_diff,560,-0.002960875854495865,-0.0019180941417915704,-0.012794756173127551
protected_group_mixing,mcar_60_train_prediction,mcar,train_and_prediction,0.6,rac1p_x_sex_demographic_parity_diff,560,-0.0016508330504833798,-0.0006080513377790804,-0.01148471336911506
protected_group_mixing,mcar_80_train_prediction,mcar,train_and_prediction,0.8,rac1p_x_sex_demographic_parity_diff,560,-0.0004950772298281563,0.0005477044828761454,-0.010328957548459833
protected_group_mixing,none_observed,mcar,train_and_prediction,0.0,rac1p_x_sex_equalized_odds_diff,560,-0.0007114794865806337,0.0,-0.006788576799264351
protected_group_mixing,mcar_10_train_prediction,mcar,train_and_prediction,0.1,rac1p_x_sex_equalized_odds_diff,560,-0.002860269467070244,-0.0021487899804896165,-0.008937366779753968
protected_group_mixing,mnar_10_train_prediction,mnar,train_and_prediction,0.1,rac1p_x_sex_equalized_odds_diff,560,-0.00929121987007703,-0.008579740383496402,-0.015368317182760759
protected_group_mixing,mcar_20_train_prediction,mcar,train_and_prediction,0.2,rac1p_x_sex_equalized_odds_diff,560,-0.007420897850905921,-0.00670941836432529,-0.013497995163589644
protected_group_mixing,mnar_20_train_prediction,mnar,train_and_prediction,0.2,rac1p_x_sex_equalized_odds_diff,560,-0.0036347125262673084,-0.0029232330396866805,-0.009711809838951035
protected_group_mixing,mcar_40_train_prediction,mcar,train_and_prediction,0.4,rac1p_x_sex_equalized_odds_diff,560,-0.0027641137310510594,-0.0020526342444704307,-0.008841211043734781
protected_group_mixing,mcar_50_train_prediction,mcar,train_and_prediction,0.5,rac1p_x_sex_equalized_odds_diff,560,-0.004222649734047179,-0.0035111702474665486,-0.0102997470467309
protected_group_mixing,mnar_50_train_prediction,mnar,train_and_prediction,0.5,rac1p_x_sex_equalized_odds_diff,560,-0.00379611504597139,-0.00308463555939076,-0.009873212358655114
protected_group_mixing,mcar_60_train_prediction,mcar,train_and_prediction,0.6,rac1p_x_sex_equalized_odds_diff,560,-0.002843813845623364,-0.002132334359042736,-0.008920911158307088
protected_group_mixing,mcar_80_train_prediction,mcar,train_and_prediction,0.8,rac1p_x_sex_equalized_odds_diff,560,-0.0024373351253408043,-0.0017258556387601733,-0.008514432438024525
protected_group_mixing,none_observed,mcar,train_and_prediction,0.0,rac1p_x_sex_worst_group_accuracy,560,-0.0006021854700747505,0.0,-4.699475862970375e-05
protected_group_mixing,mcar_10_train_prediction,mcar,train_and_prediction,0.1,rac1p_x_sex_worst_group_accuracy,560,-0.0038800221701384857,-0.003277836700063737,-0.0033248314586934425
protected_group_mixing,mnar_10_train_prediction,mnar,train_and_prediction,0.1,rac1p_x_sex_worst_group_accuracy,560,-0.004086789654640344,-0.0034846041845655947,-0.0035315989431953013
protected_group_mixing,mcar_20_train_prediction,mcar,train_and_prediction,0.2,rac1p_x_sex_worst_group_accuracy,560,-0.0020056951957180035,-0.0014035097256432545,-0.0014505044842729623
protected_group_mixing,mnar_20_train_prediction,mnar,train_and_prediction,0.2,rac1p_x_sex_worst_group_accuracy,560,-0.003620638160516297,-0.003018452690441548,-0.0030654474490712518
protected_group_mixing,mcar_40_train_prediction,mcar,train_and_prediction,0.4,rac1p_x_sex_worst_group_accuracy,560,-0.0014183294398633249,-0.0008161439697885744,-0.00086313872841828
protected_group_mixing,mcar_50_train_prediction,mcar,train_and_prediction,0.5,rac1p_x_sex_worst_group_accuracy,560,-0.0019414496799580313,-0.001339264209883281,-0.0013862589685129892
protected_group_mixing,mnar_50_train_prediction,mnar,train_and_prediction,0.5,rac1p_x_sex_worst_group_accuracy,560,-0.0025706571136114853,-0.0019684716435367324,-0.0020154664021664417
protected_group_mixing,mcar_60_train_prediction,mcar,train_and_prediction,0.6,rac1p_x_sex_worst_group_accuracy,560,9.866544550003017e-05,0.0007008509155747839,0.0006538561569450755
protected_group_mixing,mcar_80_train_prediction,mcar,train_and_prediction,0.8,rac1p_x_sex_worst_group_accuracy,560,-0.0007026402437247231,-0.00010045477364997217,-0.00014744953227967933
protected_group_mixing,none_observed,mcar,train_and_prediction,0.0,roc_auc,560,0.0026081195721270856,0.0,-0.0008039210324687358
protected_group_mixing,mcar_10_train_prediction,mcar,train_and_prediction,0.1,roc_auc,560,-0.002354607393721042,-0.004962726965848155,-0.005766647998316876
protected_group_mixing,mnar_10_train_prediction,mnar,train_and_prediction,0.1,roc_auc,560,-0.003208858886747838,-0.005816978458874948,-0.006620899491343671
protected_group_mixing,mcar_20_train_prediction,mcar,train_and_prediction,0.2,roc_auc,560,-0.0016892712068839173,-0.004297390779011027,-0.005101311811479746
protected_group_mixing,mnar_20_train_prediction,mnar,train_and_prediction,0.2,roc_auc,560,-0.0025643716783831246,-0.005172491250510233,-0.005976412282978957
protected_group_mixing,mcar_40_train_prediction,mcar,train_and_prediction,0.4,roc_auc,560,-0.0006591120834022706,-0.0032672316555293723,-0.0040711526879981
protected_group_mixing,mcar_50_train_prediction,mcar,train_and_prediction,0.5,roc_auc,560,-0.00048403923408358457,-0.0030921588062106813,-0.003896079838679413
protected_group_mixing,mnar_50_train_prediction,mnar,train_and_prediction,0.5,roc_auc,560,-0.001342135565924635,-0.003950255138051739,-0.004754176170520462
protected_group_mixing,mcar_60_train_prediction,mcar,train_and_prediction,0.6,roc_auc,560,-0.0003183742158072811,-0.0029264937879343745,-0.0037304148204031036
protected_group_mixing,mcar_80_train_prediction,mcar,train_and_prediction,0.8,roc_auc,560,1.0478936366948192e-05,-0.002597640635760135,-0.0034015616682288668
protected_group_mixing,none_observed,mcar,train_and_prediction,0.0,sex_demographic_parity_diff,560,0.0004368720518012413,0.0,-0.0029100604719235748
protected_group_mixing,mcar_10_train_prediction,mcar,train_and_prediction,0.1,sex_demographic_parity_diff,560,-6.338836316669742e-05,-0.0005002604149679381,-0.0034103208868915213
protected_group_mixing,mnar_10_train_prediction,mnar,train_and_prediction,0.1,sex_demographic_parity_diff,560,-6.93282289639893e-05,-0.0005062002807652391,-0.003416260752688818
protected_group_mixing,mcar_20_train_prediction,mcar,train_and_prediction,0.2,sex_demographic_parity_diff,560,0.0001435013632657427,-0.0002933706885354993,-0.0032034311604590823
protected_group_mixing,mnar_20_train_prediction,mnar,train_and_prediction,0.2,sex_demographic_parity_diff,560,-0.00019600927342470361,-0.0006328813252259483,-0.0035429417971495304
protected_group_mixing,mcar_40_train_prediction,mcar,train_and_prediction,0.4,sex_demographic_parity_diff,560,-1.225548665868585e-06,-0.0004380976004671128,-0.003348158072390697
protected_group_mixing,mcar_50_train_prediction,mcar,train_and_prediction,0.5,sex_demographic_parity_diff,560,-3.6034770552858575e-05,-0.0004729068223541007,-0.0033829672942776827
protected_group_mixing,mnar_50_train_prediction,mnar,train_and_prediction,0.5,sex_demographic_parity_diff,560,9.272439043242354e-05,-0.0003441476613688175,-0.003254208133292396
protected_group_mixing,mcar_60_train_prediction,mcar,train_and_prediction,0.6,sex_demographic_parity_diff,560,-9.312056652253415e-07,-0.0004378032574664681,-0.0033478637293900466
protected_group_mixing,mcar_80_train_prediction,mcar,train_and_prediction,0.8,sex_demographic_parity_diff,560,-3.8760936937151414e-05,-0.00047563298873839495,-0.003385693460661973
protected_group_mixing,none_observed,mcar,train_and_prediction,0.0,sex_equalized_odds_diff,560,-0.003567735228174074,0.0,-0.0025165761183468353
protected_group_mixing,mcar_10_train_prediction,mcar,train_and_prediction,0.1,sex_equalized_odds_diff,560,-0.0005932819589657074,0.002974453269208366,0.00045787715086153424
protected_group_mixing,mnar_10_train_prediction,mnar,train_and_prediction,0.1,sex_equalized_odds_diff,560,-0.0011582493406065552,0.0024094858875675163,-0.00010709023077931845
protected_group_mixing,mcar_20_train_prediction,mcar,train_and_prediction,0.2,sex_equalized_odds_diff,560,-0.000620215588014828,0.00294751964015925,0.00043094352181240913
protected_group_mixing,mnar_20_train_prediction,mnar,train_and_prediction,0.2,sex_equalized_odds_diff,560,-0.0013090511310635026,0.0022586840971105656,-0.0002578920212362657
protected_group_mixing,mcar_40_train_prediction,mcar,train_and_prediction,0.4,sex_equalized_odds_diff,560,-0.0001293611050863912,0.0034383741230876756,0.0009217980047408461
protected_group_mixing,mcar_50_train_prediction,mcar,train_and_prediction,0.5,sex_equalized_odds_diff,560,-0.0006309527842728074,0.0029367824439012675,0.00042020632555443395
protected_group_mixing,mnar_50_train_prediction,mnar,train_and_prediction,0.5,sex_equalized_odds_diff,560,-0.0005534218038713967,0.003014313424302683,0.000497737305955848
protected_group_mixing,mcar_60_train_prediction,mcar,train_and_prediction,0.6,sex_equalized_odds_diff,560,-0.0010038267366732276,0.002563908491500846,4.733237315400948e-05
protected_group_mixing,mcar_80_train_prediction,mcar,train_and_prediction,0.8,sex_equalized_odds_diff,560,-0.00028978251382449146,0.0032779527143495836,0.0007613765960027448
protected_group_mixing,none_observed,mcar,train_and_prediction,0.0,sex_worst_group_accuracy,560,0.0005876960356218759,0.0,0.00023083699494166649
protected_group_mixing,mcar_10_train_prediction,mcar,train_and_prediction,0.1,sex_worst_group_accuracy,560,-0.0016520940389175382,-0.002239790074539417,-0.0020089530795977476
protected_group_mixing,mnar_10_train_prediction,mnar,train_and_prediction,0.1,sex_worst_group_accuracy,560,-0.0021588622302460853,-0.0027465582658679688,-0.0025157212709263008
protected_group_mixing,mcar_20_train_prediction,mcar,train_and_prediction,0.2,sex_worst_group_accuracy,560,-0.0013380658809694706,-0.001925761916591352,-0.0016949249216496845
protected_group_mixing,mnar_20_train_prediction,mnar,train_and_prediction,0.2,sex_worst_group_accuracy,560,-0.001801772157659195,-0.002389468193281074,-0.002158631198339407
protected_group_mixing,mcar_40_train_prediction,mcar,train_and_prediction,0.4,sex_worst_group_accuracy,560,-0.0006472517733137143,-0.0012349478089355983,-0.0010041108139939297
protected_group_mixing,mcar_50_train_prediction,mcar,train_and_prediction,0.5,sex_worst_group_accuracy,560,-0.0003720209151183377,-0.0009597169507402119,-0.0007288799557985468
protected_group_mixing,mnar_50_train_prediction,mnar,train_and_prediction,0.5,sex_worst_group_accuracy,560,-0.0010309191664547952,-0.0016186152020766734,-0.0013877782071350085
protected_group_mixing,mcar_60_train_prediction,mcar,train_and_prediction,0.6,sex_worst_group_accuracy,560,-0.0003497198379516586,-0.0009374158735735365,-0.000706578878631871
protected_group_mixing,mcar_80_train_prediction,mcar,train_and_prediction,0.8,sex_worst_group_accuracy,560,-4.136604108990033e-05,-0.0006290620767117772,-0.00039822508177010977
reweighing,none_observed,mcar,train_and_prediction,0.0,accuracy,560,0.0007999413731619457,0.0,0.000643823931256877
reweighing,mcar_10_train_prediction,mcar,train_and_prediction,0.1,accuracy,560,0.0007978300805645783,-2.1112925973667332e-06,0.0006417126386595077
reweighing,mnar_10_train_prediction,mnar,train_and_prediction,0.1,accuracy,560,0.0008594094070585997,5.94680338966533e-05,0.0007032919651535298
reweighing,mcar_20_train_prediction,mcar,train_and_prediction,0.2,accuracy,560,0.0006639306455272111,-0.00013601072763473607,0.0005078132036221393
reweighing,mnar_20_train_prediction,mnar,train_and_prediction,0.2,accuracy,560,0.0007951330007973864,-4.80837236455971e-06,0.00063901555889232
reweighing,mcar_40_train_prediction,mcar,train_and_prediction,0.4,accuracy,560,0.0005374129159376993,-0.00026252845722424457,0.0003812954740326317
reweighing,mcar_50_train_prediction,mcar,train_and_prediction,0.5,accuracy,560,0.0005166173093414305,-0.0002833240638205051,0.0003604998674363641
reweighing,mnar_50_train_prediction,mnar,train_and_prediction,0.5,accuracy,560,0.000705853756530908,-9.408761663103591e-05,0.0005497363146258377
reweighing,mcar_60_train_prediction,mcar,train_and_prediction,0.6,accuracy,560,0.0004609410219835112,-0.0003390003511784297,0.0003048235800784443
reweighing,mcar_80_train_prediction,mcar,train_and_prediction,0.8,accuracy,560,0.00028611659912134596,-0.0005138247740405953,0.00012999915721627732
reweighing,none_observed,mcar,train_and_prediction,0.0,balanced_accuracy,560,0.0024347432159667433,0.0,-0.004053831648802924
reweighing,mcar_10_train_prediction,mcar,train_and_prediction,0.1,balanced_accuracy,560,0.0022704847017110653,-0.00016425851425567526,-0.004218090163058601
reweighing,mnar_10_train_prediction,mnar,train_and_prediction,0.1,balanced_accuracy,560,0.002376336640462123,-5.840657550461974e-05,-0.004112238224307546
reweighing,mcar_20_train_prediction,mcar,train_and_prediction,0.2,balanced_accuracy,560,0.002069981214990407,-0.0003647620009763327,-0.004418593649779261
reweighing,mnar_20_train_prediction,mnar,train_and_prediction,0.2,balanced_accuracy,560,0.0022337241858781556,-0.00020101903008858468,-0.004254850678891512
reweighing,mcar_40_train_prediction,mcar,train_and_prediction,0.4,balanced_accuracy,560,0.001554213752671525,-0.0008805294632952043,-0.004934361112098141
reweighing,mcar_50_train_prediction,mcar,train_and_prediction,0.5,balanced_accuracy,560,0.0014041079776913685,-0.0010306352382753623,-0.005084466887078294
reweighing,mnar_50_train_prediction,mnar,train_and_prediction,0.5,balanced_accuracy,560,0.0018603473126025778,-0.0005743959033641565,-0.004628227552167086
reweighing,mcar_60_train_prediction,mcar,train_and_prediction,0.6,balanced_accuracy,560,0.0011110952037388755,-0.0013236480122278576,-0.005377479661030792
reweighing,mcar_80_train_prediction,mcar,train_and_prediction,0.8,balanced_accuracy,560,0.0006152140256568419,-0.001819529190309892,-0.005873360839112827
reweighing,none_observed,mcar,train_and_prediction,0.0,brier,560,-0.00037654273487156887,0.0,0.0006720075578106244
reweighing,mcar_10_train_prediction,mcar,train_and_prediction,0.1,brier,560,-0.0003742360488576349,2.3066860139315485e-06,0.0006743142438245547
reweighing,mnar_10_train_prediction,mnar,train_and_prediction,0.1,brier,560,-0.0003863903024963832,-9.847567624817015e-06,0.0006621599901858073
reweighing,mcar_20_train_prediction,mcar,train_and_prediction,0.2,brier,560,-0.00034177586606355133,3.476686880801223e-05,0.0007067744266186406
reweighing,mnar_20_train_prediction,mnar,train_and_prediction,0.2,brier,560,-0.0003694528175081031,7.089917363460943e-06,0.0006790974751740858
reweighing,mcar_40_train_prediction,mcar,train_and_prediction,0.4,brier,560,-0.0002580375136752305,0.00011850522119632569,0.0007905127790069529
reweighing,mcar_50_train_prediction,mcar,train_and_prediction,0.5,brier,560,-0.00023288732720929425,0.00014365540766226115,0.0008156629654728855
reweighing,mnar_50_train_prediction,mnar,train_and_prediction,0.5,brier,560,-0.000313678166642581,6.28645682289782e-05,0.0007348721260396034
reweighing,mcar_60_train_prediction,mcar,train_and_prediction,0.6,brier,560,-0.00020919059040643768,0.00016735214446512216,0.0008393597022757476
reweighing,mcar_80_train_prediction,mcar,train_and_prediction,0.8,brier,560,-9.205275971573049e-05,0.0002844899751558303,0.0009564975329664579
reweighing,none_observed,mcar,train_and_prediction,0.0,rac1p_demographic_parity_diff,560,0.007736598724098818,0.0,-0.007174393148981368
reweighing,mcar_10_train_prediction,mcar,train_and_prediction,0.1,rac1p_demographic_parity_diff,560,0.007409524512319153,-0.00032707421177966033,-0.007501467360761024
reweighing,mnar_10_train_prediction,mnar,train_and_prediction,0.1,rac1p_demographic_parity_diff,560,0.007664099785530167,-7.249893856864256e-05,-0.007246892087550018
reweighing,mcar_20_train_prediction,mcar,train_and_prediction,0.2,rac1p_demographic_parity_diff,560,0.006914622079323543,-0.0008219766447752682,-0.007996369793756631
reweighing,mnar_20_train_prediction,mnar,train_and_prediction,0.2,rac1p_demographic_parity_diff,560,0.007505739967008556,-0.00023085875709025593,-0.0074052519060716256
reweighing,mcar_40_train_prediction,mcar,train_and_prediction,0.4,rac1p_demographic_parity_diff,560,0.004819074469206018,-0.002917524254892796,-0.010091917403874164
reweighing,mcar_50_train_prediction,mcar,train_and_prediction,0.5,rac1p_demographic_parity_diff,560,0.0037159308329144953,-0.004020667891184314,-0.011195061040165686
reweighing,mnar_50_train_prediction,mnar,train_and_prediction,0.5,rac1p_demographic_parity_diff,560,0.005881284184688,-0.0018553145394108145,-0.009029707688392185
reweighing,mcar_60_train_prediction,mcar,train_and_prediction,0.6,rac1p_demographic_parity_diff,560,0.003631405884670166,-0.004105192839428644,-0.011279585988410014
reweighing,mcar_80_train_prediction,mcar,train_and_prediction,0.8,rac1p_demographic_parity_diff,560,0.0011870337907787987,-0.006549564933320017,-0.01372395808230139
reweighing,none_observed,mcar,train_and_prediction,0.0,rac1p_equalized_odds_diff,560,0.008805180744536777,0.0,-0.0064604969798037265
reweighing,mcar_10_train_prediction,mcar,train_and_prediction,0.1,rac1p_equalized_odds_diff,560,0.007710829830051161,-0.0010943509144856177,-0.0075548478942893465
reweighing,mnar_10_train_prediction,mnar,train_and_prediction,0.1,rac1p_equalized_odds_diff,560,0.007676913245798724,-0.0011282674987380514,-0.007588764478541784
reweighing,mcar_20_train_prediction,mcar,train_and_prediction,0.2,rac1p_equalized_odds_diff,560,0.007312136478933291,-0.0014930442656034865,-0.007953541245407219
reweighing,mnar_20_train_prediction,mnar,train_and_prediction,0.2,rac1p_equalized_odds_diff,560,0.008646975156924622,-0.00015820558761215747,-0.006618702567415887
reweighing,mcar_40_train_prediction,mcar,train_and_prediction,0.4,rac1p_equalized_odds_diff,560,0.004995445256556464,-0.0038097354879803123,-0.010270232467784047
reweighing,mcar_50_train_prediction,mcar,train_and_prediction,0.5,rac1p_equalized_odds_diff,560,0.004555403678626343,-0.0042497770659104366,-0.010710274045714166
reweighing,mnar_50_train_prediction,mnar,train_and_prediction,0.5,rac1p_equalized_odds_diff,560,0.007389369552720603,-0.0014158111918161755,-0.007876308171619906
reweighing,mcar_60_train_prediction,mcar,train_and_prediction,0.6,rac1p_equalized_odds_diff,560,0.0028128082806828285,-0.005992372463853948,-0.01245286944365768
reweighing,mcar_80_train_prediction,mcar,train_and_prediction,0.8,rac1p_equalized_odds_diff,560,0.002337976863441623,-0.006467203881095151,-0.012927700860898884
reweighing,none_observed,mcar,train_and_prediction,0.0,rac1p_worst_group_accuracy,560,0.0006496472404995433,0.0,-0.00014258578612281862
reweighing,mcar_10_train_prediction,mcar,train_and_prediction,0.1,rac1p_worst_group_accuracy,560,0.00045795821535133774,-0.00019168902514820482,-0.0003342748112710247
reweighing,mnar_10_train_prediction,mnar,train_and_prediction,0.1,rac1p_worst_group_accuracy,560,0.000401162530822101,-0.0002484847096774414,-0.0003910704958002597
reweighing,mcar_20_train_prediction,mcar,train_and_prediction,0.2,rac1p_worst_group_accuracy,560,0.000768654752721302,0.00011900751222176249,-2.3578273901057153e-05
reweighing,mnar_20_train_prediction,mnar,train_and_prediction,0.2,rac1p_worst_group_accuracy,560,0.0010490390499711415,0.0003993918094715959,0.00025680602334877755
reweighing,mcar_40_train_prediction,mcar,train_and_prediction,0.4,rac1p_worst_group_accuracy,560,0.000458672293746563,-0.0001909749467529782,-0.00033356073287579846
reweighing,mcar_50_train_prediction,mcar,train_and_prediction,0.5,rac1p_worst_group_accuracy,560,-2.2304454633096583e-05,-0.0006719516951326372,-0.0008145374812554607
reweighing,mnar_50_train_prediction,mnar,train_and_prediction,0.5,rac1p_worst_group_accuracy,560,-0.00042336340324965053,-0.0010730106437491908,-0.0012155964298720138
reweighing,mcar_60_train_prediction,mcar,train_and_prediction,0.6,rac1p_worst_group_accuracy,560,-0.0003021639434109081,-0.0009518111839104464,-0.0010943969700332676
reweighing,mcar_80_train_prediction,mcar,train_and_prediction,0.8,rac1p_worst_group_accuracy,560,0.0002494831585219118,-0.0004001640819776272,-0.000542749868100449
reweighing,none_observed,mcar,train_and_prediction,0.0,rac1p_x_sex_demographic_parity_diff,560,0.0114159575729776,0.0,-0.01087666203133598
reweighing,mcar_10_train_prediction,mcar,train_and_prediction,0.1,rac1p_x_sex_demographic_parity_diff,560,0.009879986696676236,-0.001535970876301359,-0.012412632907637344
reweighing,mnar_10_train_prediction,mnar,train_and_prediction,0.1,rac1p_x_sex_demographic_parity_diff,560,0.011100445384241356,-0.0003155121887362433,-0.011192174220072225
reweighing,mcar_20_train_prediction,mcar,train_and_prediction,0.2,rac1p_x_sex_demographic_parity_diff,560,0.009130240802312237,-0.0022857167706653516,-0.013162378802001336
reweighing,mnar_20_train_prediction,mnar,train_and_prediction,0.2,rac1p_x_sex_demographic_parity_diff,560,0.010470448046196752,-0.0009455095267808439,-0.011822171558116825
reweighing,mcar_40_train_prediction,mcar,train_and_prediction,0.4,rac1p_x_sex_demographic_parity_diff,560,0.006454971330157083,-0.004960986242820511,-0.015837648274156492
reweighing,mcar_50_train_prediction,mcar,train_and_prediction,0.5,rac1p_x_sex_demographic_parity_diff,560,0.005839418768484473,-0.0055765388044931195,-0.016453200835829105
reweighing,mnar_50_train_prediction,mnar,train_and_prediction,0.5,rac1p_x_sex_demographic_parity_diff,560,0.008507087669243846,-0.002908869903733746,-0.013785531935069728
reweighing,mcar_60_train_prediction,mcar,train_and_prediction,0.6,rac1p_x_sex_demographic_parity_diff,560,0.004940913065438619,-0.006475044507538974,-0.017351706538874953
reweighing,mcar_80_train_prediction,mcar,train_and_prediction,0.8,rac1p_x_sex_demographic_parity_diff,560,0.0020935479255532845,-0.009322409647424312,-0.020199071678760293
reweighing,none_observed,mcar,train_and_prediction,0.0,rac1p_x_sex_equalized_odds_diff,560,0.006488571104587004,0.0,-0.006788576799264351
reweighing,mcar_10_train_prediction,mcar,train_and_prediction,0.1,rac1p_x_sex_equalized_odds_diff,560,0.005886036952447929,-0.0006025341521390759,-0.007391110951403427
reweighing,mnar_10_train_prediction,mnar,train_and_prediction,0.1,rac1p_x_sex_equalized_odds_diff,560,0.005661309955407743,-0.0008272611491792606,-0.007615837948443614
reweighing,mcar_20_train_prediction,mcar,train_and_prediction,0.2,rac1p_x_sex_equalized_odds_diff,560,0.0037284616872908993,-0.002760109417296103,-0.009548686216560456
reweighing,mnar_20_train_prediction,mnar,train_and_prediction,0.2,rac1p_x_sex_equalized_odds_diff,560,0.005940597263692837,-0.0005479738408941659,-0.007336550640158521
reweighing,mcar_40_train_prediction,mcar,train_and_prediction,0.4,rac1p_x_sex_equalized_odds_diff,560,0.0034121171808564866,-0.0030764539237305138,-0.00986503072299487
reweighing,mcar_50_train_prediction,mcar,train_and_prediction,0.5,rac1p_x_sex_equalized_odds_diff,560,0.004924264474367517,-0.0015643066302194835,-0.008352883429483836
reweighing,mnar_50_train_prediction,mnar,train_and_prediction,0.5,rac1p_x_sex_equalized_odds_diff,560,0.005830546439330781,-0.0006580246652562224,-0.0074466014645205745
reweighing,mcar_60_train_prediction,mcar,train_and_prediction,0.6,rac1p_x_sex_equalized_odds_diff,560,0.004331987417300412,-0.0021565836872865884,-0.008945160486550946
reweighing,mcar_80_train_prediction,mcar,train_and_prediction,0.8,rac1p_x_sex_equalized_odds_diff,560,0.002131495705119584,-0.00435707539946742,-0.011145652198731773
reweighing,none_observed,mcar,train_and_prediction,0.0,rac1p_x_sex_worst_group_accuracy,560,0.0003146243074298141,0.0,-4.699475862970375e-05
reweighing,mcar_10_train_prediction,mcar,train_and_prediction,0.1,rac1p_x_sex_worst_group_accuracy,560,0.00017919855514510666,-0.00013542575228470783,-0.00018242051091441573
reweighing,mnar_10_train_prediction,mnar,train_and_prediction,0.1,rac1p_x_sex_worst_group_accuracy,560,0.000380040776540882,6.541646911106473e-05,1.842171048135853e-05
reweighing,mcar_20_train_prediction,mcar,train_and_prediction,0.2,rac1p_x_sex_worst_group_accuracy,560,0.0005076316403416216,0.00019300733291180853,0.0001460125742821002
reweighing,mnar_20_train_prediction,mnar,train_and_prediction,0.2,rac1p_x_sex_worst_group_accuracy,560,0.0010927063816359623,0.0007780820742061479,0.0007310873155764403
reweighing,mcar_40_train_prediction,mcar,train_and_prediction,0.4,rac1p_x_sex_worst_group_accuracy,560,0.0007981628518851161,0.0004835385444553026,0.00043654378582559504
reweighing,mcar_50_train_prediction,mcar,train_and_prediction,0.5,rac1p_x_sex_worst_group_accuracy,560,-0.0002713545801442126,-0.0005859788875740272,-0.0006329736462037348
reweighing,mnar_50_train_prediction,mnar,train_and_prediction,0.5,rac1p_x_sex_worst_group_accuracy,560,-0.00023483293785010962,-0.0005494572452799246,-0.0005964520039096343
reweighing,mcar_60_train_prediction,mcar,train_and_prediction,0.6,rac1p_x_sex_worst_group_accuracy,560,-0.0003823171263001946,-0.0006969414337300075,-0.0007439361923597157
reweighing,mcar_80_train_prediction,mcar,train_and_prediction,0.8,rac1p_x_sex_worst_group_accuracy,560,-0.00036557564893965395,-0.0006801999563694675,-0.0007271947149991754
reweighing,none_observed,mcar,train_and_prediction,0.0,roc_auc,560,0.0010532848023080672,0.0,-0.0008039210324687358
reweighing,mcar_10_train_prediction,mcar,train_and_prediction,0.1,roc_auc,560,0.0010212722101274228,-3.201259218063771e-05,-0.0008359336246493747
reweighing,mnar_10_train_prediction,mnar,train_and_prediction,0.1,roc_auc,560,0.0010305040392671397,-2.2780763040923048e-05,-0.0008267017955096598
reweighing,mcar_20_train_prediction,mcar,train_and_prediction,0.2,roc_auc,560,0.0009479851317397155,-0.00010529967056834117,-0.0009092207030370848
reweighing,mnar_20_train_prediction,mnar,train_and_prediction,0.2,roc_auc,560,0.0010033627683086912,-4.9922033999370045e-05,-0.0008538430664681064
reweighing,mcar_40_train_prediction,mcar,train_and_prediction,0.4,roc_auc,560,0.0007582641905794694,-0.00029502061172858885,-0.0010989416441973296
reweighing,mcar_50_train_prediction,mcar,train_and_prediction,0.5,roc_auc,560,0.0007083952482091146,-0.0003448895540989399,-0.0011488105865676821
reweighing,mnar_50_train_prediction,mnar,train_and_prediction,0.5,roc_auc,560,0.0007960083328984412,-0.000257276469409615,-0.0010611975018783562
reweighing,mcar_60_train_prediction,mcar,train_and_prediction,0.6,roc_auc,560,0.0006333041497222017,-0.0004199806525858527,-0.001223901685054597
reweighing,mcar_80_train_prediction,mcar,train_and_prediction,0.8,roc_auc,560,0.00031937545790138385,-0.0007339093444066715,-0.0015378303768754154
reweighing,none_observed,mcar,train_and_prediction,0.0,sex_demographic_parity_diff,560,0.010975842040210057,0.0,-0.0029100604719235748
reweighing,mcar_10_train_prediction,mcar,train_and_prediction,0.1,sex_demographic_parity_diff,560,0.009745808969857193,-0.0012300330703528528,-0.004140093542276432
reweighing,mnar_10_train_prediction,mnar,train_and_prediction,0.1,sex_demographic_parity_diff,560,0.009747533665523148,-0.001228308374686896,-0.004138368846610473
reweighing,mcar_20_train_prediction,mcar,train_and_prediction,0.2,sex_demographic_parity_diff,560,0.008708923178552977,-0.002266918861657061,-0.005176979333580644
reweighing,mnar_20_train_prediction,mnar,train_and_prediction,0.2,sex_demographic_parity_diff,560,0.009089705954916486,-0.0018861360852935514,-0.004796196557217138
reweighing,mcar_40_train_prediction,mcar,train_and_prediction,0.4,sex_demographic_parity_diff,560,0.006383296669614112,-0.004592545370595928,-0.00750260584251951
reweighing,mcar_50_train_prediction,mcar,train_and_prediction,0.5,sex_demographic_parity_diff,560,0.005543132393477742,-0.005432709646732295,-0.00834277011865588
reweighing,mnar_50_train_prediction,mnar,train_and_prediction,0.5,sex_demographic_parity_diff,560,0.006165250742215303,-0.004810591297994731,-0.0077206517699183125
reweighing,mcar_60_train_prediction,mcar,train_and_prediction,0.6,sex_demographic_parity_diff,560,0.004313654804630224,-0.006662187235579809,-0.009572247707503395
reweighing,mcar_80_train_prediction,mcar,train_and_prediction,0.8,sex_demographic_parity_diff,560,0.0020766917869139206,-0.00889915025329612,-0.011809210725219704
reweighing,none_observed,mcar,train_and_prediction,0.0,sex_equalized_odds_diff,560,-0.00635201226121469,0.0,-0.0025165761183468353
reweighing,mcar_10_train_prediction,mcar,train_and_prediction,0.1,sex_equalized_odds_diff,560,-0.005986661066493769,0.0003653511947209149,-0.002151224923625916
reweighing,mnar_10_train_prediction,mnar,train_and_prediction,0.1,sex_equalized_odds_diff,560,-0.006435708456330646,-8.369619511595519e-05,-0.0026002723134627903
reweighing,mcar_20_train_prediction,mcar,train_and_prediction,0.2,sex_equalized_odds_diff,560,-0.005852742746090781,0.0004992695151239076,-0.002017306603222927
reweighing,mnar_20_train_prediction,mnar,train_and_prediction,0.2,sex_equalized_odds_diff,560,-0.006140530324427642,0.00021148193678704764,-0.0023050941815597856
reweighing,mcar_40_train_prediction,mcar,train_and_prediction,0.4,sex_equalized_odds_diff,560,-0.004676687014321823,0.0016753252468928637,-0.0008412508714539689
reweighing,mcar_50_train_prediction,mcar,train_and_prediction,0.5,sex_equalized_odds_diff,560,-0.003985443633650074,0.002366568627564612,-0.00015000749078222006
reweighing,mnar_50_train_prediction,mnar,train_and_prediction,0.5,sex_equalized_odds_diff,560,-0.005080491021526787,0.0012715212396879026,-0.0012450548786589336
reweighing,mcar_60_train_prediction,mcar,train_and_prediction,0.6,sex_equalized_odds_diff,560,-0.003444780892305028,0.0029072313689096603,0.00039065525056282614
reweighing,mcar_80_train_prediction,mcar,train_and_prediction,0.8,sex_equalized_odds_diff,560,-0.001394412086293871,0.004957600174920814,0.0024410240565739846
reweighing,none_observed,mcar,train_and_prediction,0.0,sex_worst_group_accuracy,560,0.0014036145428439628,0.0,0.00023083699494166649
reweighing,mcar_10_train_prediction,mcar,train_and_prediction,0.1,sex_worst_group_accuracy,560,0.0013856542308124569,-1.796031203151035e-05,0.00021287668291016158
reweighing,mnar_10_train_prediction,mnar,train_and_prediction,0.1,sex_worst_group_accuracy,560,0.0014888472593019234,8.523271645795991e-05,0.0003160697113996308
reweighing,mcar_20_train_prediction,mcar,train_and_prediction,0.2,sex_worst_group_accuracy,560,0.001169920843568728,-0.000233693699275233,-2.8567043335671593e-06
reweighing,mnar_20_train_prediction,mnar,train_and_prediction,0.2,sex_worst_group_accuracy,560,0.0014187948828269612,1.5180339982999109e-05,0.0002460173349246693
reweighing,mcar_40_train_prediction,mcar,train_and_prediction,0.4,sex_worst_group_accuracy,560,0.0010197412400858674,-0.0003838733027580912,-0.00015303630781642258
reweighing,mcar_50_train_prediction,mcar,train_and_prediction,0.5,sex_worst_group_accuracy,560,0.000899884385951423,-0.0005037301568925336,-0.00027289316195086436
reweighing,mnar_50_train_prediction,mnar,train_and_prediction,0.5,sex_worst_group_accuracy,560,0.001131170692048147,-0.00027244385079581453,-4.160685585414431e-05
reweighing,mcar_60_train_prediction,mcar,train_and_prediction,0.6,sex_worst_group_accuracy,560,0.0008264876932420866,-0.0005771268496018695,-0.00034628985466020177
reweighing,mcar_80_train_prediction,mcar,train_and_prediction,0.8,sex_worst_group_accuracy,560,0.00037894788219946087,-0.0010246666606445014,-0.0007938296657028333
threshold_optimizer_eo,none_observed,mcar,train_and_prediction,0.0,accuracy,560,0.09009079442096918,-0.04477674886500517,-0.04413292493374829
threshold_optimizer_eo,mcar_10_train_prediction,mcar,train_and_prediction,0.1,accuracy,560,-0.010137893814575407,-0.14500543710054978,-0.1443616131692929
threshold_optimizer_eo,mnar_10_train_prediction,mnar,train_and_prediction,0.1,accuracy,560,-0.00850150100618539,-0.14336904429215977,-0.14272522036090288
threshold_optimizer_eo,mcar_20_train_prediction,mcar,train_and_prediction,0.2,accuracy,560,-0.015526388646669293,-0.1503939319326437,-0.1497501080013868
threshold_optimizer_eo,mnar_20_train_prediction,mnar,train_and_prediction,0.2,accuracy,560,-0.018623786810208064,-0.15349133009618243,-0.15284750616492557
threshold_optimizer_eo,mcar_40_train_prediction,mcar,train_and_prediction,0.4,accuracy,560,-0.011042557169917318,-0.1459101004558917,-0.1452662765246348
threshold_optimizer_eo,mcar_50_train_prediction,mcar,train_and_prediction,0.5,accuracy,560,-0.010911835423535177,-0.14577937870950958,-0.14513555477825268
threshold_optimizer_eo,mnar_50_train_prediction,mnar,train_and_prediction,0.5,accuracy,560,-0.018279826513177045,-0.15314736979915144,-0.15250354586789455
threshold_optimizer_eo,mcar_60_train_prediction,mcar,train_and_prediction,0.6,accuracy,560,-0.005383130550666207,-0.14025067383664058,-0.13960684990538372
threshold_optimizer_eo,mcar_80_train_prediction,mcar,train_and_prediction,0.8,accuracy,560,-0.006649002927593182,-0.14151654621356755,-0.14087272228231068
threshold_optimizer_eo,none_observed,mcar,train_and_prediction,0.0,balanced_accuracy,560,0.08044590629917087,0.04093839870830016,0.03688456705949722
threshold_optimizer_eo,mcar_10_train_prediction,mcar,train_and_prediction,0.1,balanced_accuracy,560,-0.021955350726173266,-0.06146285831704397,-0.06551668996584692
threshold_optimizer_eo,mnar_10_train_prediction,mnar,train_and_prediction,0.1,balanced_accuracy,560,-0.013872158172856853,-0.05337966576372754,-0.057433497412530496
threshold_optimizer_eo,mcar_20_train_prediction,mcar,train_and_prediction,0.2,balanced_accuracy,560,-0.025233778474004646,-0.06474128606487535,-0.0687951177136783
threshold_optimizer_eo,mnar_20_train_prediction,mnar,train_and_prediction,0.2,balanced_accuracy,560,-0.022950543879763887,-0.06245805147063458,-0.06651188311943754
threshold_optimizer_eo,mcar_40_train_prediction,mcar,train_and_prediction,0.4,balanced_accuracy,560,-0.014221146401905858,-0.053728653992776564,-0.057782485641579506
threshold_optimizer_eo,mcar_50_train_prediction,mcar,train_and_prediction,0.5,balanced_accuracy,560,-0.008120196799759864,-0.047627704390630556,-0.051681536039433505
threshold_optimizer_eo,mnar_50_train_prediction,mnar,train_and_prediction,0.5,balanced_accuracy,560,-0.021361188924999934,-0.06086869651587064,-0.06492252816467357
threshold_optimizer_eo,mcar_60_train_prediction,mcar,train_and_prediction,0.6,balanced_accuracy,560,-0.007295866166844101,-0.046803373757714796,-0.05085720540651775
threshold_optimizer_eo,mcar_80_train_prediction,mcar,train_and_prediction,0.8,balanced_accuracy,560,-0.0031732775299551244,-0.04268078512082582,-0.04673461676962877
threshold_optimizer_eo,none_observed,mcar,train_and_prediction,0.0,brier,560,-0.09009079442096919,0.10993224545520097,0.11060425301301162
threshold_optimizer_eo,mcar_10_train_prediction,mcar,train_and_prediction,0.1,brier,560,0.010137893814575407,0.21016093369074562,0.21083294124855623
threshold_optimizer_eo,mnar_10_train_prediction,mnar,train_and_prediction,0.1,brier,560,0.008501501006185392,0.2085245408823556,0.20919654844016622
threshold_optimizer_eo,mcar_20_train_prediction,mcar,train_and_prediction,0.2,brier,560,0.015526388646669293,0.2155494285228395,0.21622143608065014
threshold_optimizer_eo,mnar_20_train_prediction,mnar,train_and_prediction,0.2,brier,560,0.01862378681020807,0.21864682668637828,0.2193188342441889
threshold_optimizer_eo,mcar_40_train_prediction,mcar,train_and_prediction,0.4,brier,560,0.011042557169917316,0.21106559704608754,0.21173760460389815
threshold_optimizer_eo,mcar_50_train_prediction,mcar,train_and_prediction,0.5,brier,560,0.010911835423535179,0.2109348752997054,0.21160688285751603
threshold_optimizer_eo,mnar_50_train_prediction,mnar,train_and_prediction,0.5,brier,560,0.018279826513177045,0.21830286638934723,0.2189748739471579
threshold_optimizer_eo,mcar_60_train_prediction,mcar,train_and_prediction,0.6,brier,560,0.00538313055066621,0.2054061704268364,0.20607817798464706
threshold_optimizer_eo,mcar_80_train_prediction,mcar,train_and_prediction,0.8,brier,560,0.006649002927593187,0.2066720428037634,0.20734405036157402
threshold_optimizer_eo,none_observed,mcar,train_and_prediction,0.0,rac1p_demographic_parity_diff,560,0.14432636009208255,0.08726594187305847,0.0800915487240771
threshold_optimizer_eo,mcar_10_train_prediction,mcar,train_and_prediction,0.1,rac1p_demographic_parity_diff,560,0.01080666975379782,-0.046253748465226244,-0.053428141614207614
threshold_optimizer_eo,mnar_10_train_prediction,mnar,train_and_prediction,0.1,rac1p_demographic_parity_diff,560,0.030829037599647186,-0.02623138061937688,-0.03340577376835825
threshold_optimizer_eo,mcar_20_train_prediction,mcar,train_and_prediction,0.2,rac1p_demographic_parity_diff,560,0.004548165529374704,-0.05251225268964936,-0.05968664583863074
threshold_optimizer_eo,mnar_20_train_prediction,mnar,train_and_prediction,0.2,rac1p_demographic_parity_diff,560,0.009589363954715466,-0.04747105426430861,-0.05464544741328998
threshold_optimizer_eo,mcar_40_train_prediction,mcar,train_and_prediction,0.4,rac1p_demographic_parity_diff,560,0.009416362991549406,-0.047644055227474655,-0.05481844837645603
threshold_optimizer_eo,mcar_50_train_prediction,mcar,train_and_prediction,0.5,rac1p_demographic_parity_diff,560,0.008781895116970811,-0.04827852310205325,-0.05545291625103463
threshold_optimizer_eo,mnar_50_train_prediction,mnar,train_and_prediction,0.5,rac1p_demographic_parity_diff,560,0.007506103332496745,-0.04955431488652732,-0.056728708035508696
threshold_optimizer_eo,mcar_60_train_prediction,mcar,train_and_prediction,0.6,rac1p_demographic_parity_diff,560,0.006749390561738644,-0.05031102765728542,-0.0574854208062668
threshold_optimizer_eo,mcar_80_train_prediction,mcar,train_and_prediction,0.8,rac1p_demographic_parity_diff,560,0.003188814316786205,-0.053871603902237865,-0.06104599705121924
threshold_optimizer_eo,none_observed,mcar,train_and_prediction,0.0,rac1p_equalized_odds_diff,560,0.10603637289776283,0.04197923180389104,0.03551873482408731
threshold_optimizer_eo,mcar_10_train_prediction,mcar,train_and_prediction,0.1,rac1p_equalized_odds_diff,560,-0.02000106579316452,-0.0840582068870363,-0.09051870386684002
threshold_optimizer_eo,mnar_10_train_prediction,mnar,train_and_prediction,0.1,rac1p_equalized_odds_diff,560,0.005979978418740511,-0.058077162675131265,-0.06453765965493499
threshold_optimizer_eo,mcar_20_train_prediction,mcar,train_and_prediction,0.2,rac1p_equalized_odds_diff,560,-0.023612946498988426,-0.0876700875928602,-0.09413058457266393
threshold_optimizer_eo,mnar_20_train_prediction,mnar,train_and_prediction,0.2,rac1p_equalized_odds_diff,560,-0.017381277688461705,-0.08143841878233349,-0.08789891576213721
threshold_optimizer_eo,mcar_40_train_prediction,mcar,train_and_prediction,0.4,rac1p_equalized_odds_diff,560,-0.0067485559297617344,-0.07080569702363353,-0.07726619400343725
threshold_optimizer_eo,mcar_50_train_prediction,mcar,train_and_prediction,0.5,rac1p_equalized_odds_diff,560,-0.006294547273618927,-0.0703516883674907,-0.07681218534729443
threshold_optimizer_eo,mnar_50_train_prediction,mnar,train_and_prediction,0.5,rac1p_equalized_odds_diff,560,-0.018174673798488982,-0.08223181489236077,-0.08869231187216449
threshold_optimizer_eo,mcar_60_train_prediction,mcar,train_and_prediction,0.6,rac1p_equalized_odds_diff,560,-0.003888446965264274,-0.06794558805913604,-0.07440608503893979
threshold_optimizer_eo,mcar_80_train_prediction,mcar,train_and_prediction,0.8,rac1p_equalized_odds_diff,560,-0.0009146952862703248,-0.0649718363801421,-0.07143233335994584
threshold_optimizer_eo,none_observed,mcar,train_and_prediction,0.0,rac1p_worst_group_accuracy,560,0.09093072198002693,-0.038977276023354095,-0.03911986180947691
threshold_optimizer_eo,mcar_10_train_prediction,mcar,train_and_prediction,0.1,rac1p_worst_group_accuracy,560,-0.015717456005331136,-0.14562545400871216,-0.145768039794835
threshold_optimizer_eo,mnar_10_train_prediction,mnar,train_and_prediction,0.1,rac1p_worst_group_accuracy,560,-0.005609119491712693,-0.1355171174950937,-0.13565970328121654
threshold_optimizer_eo,mcar_20_train_prediction,mcar,train_and_prediction,0.2,rac1p_worst_group_accuracy,560,-0.016495814373129032,-0.14640381237651007,-0.1465463981626329
threshold_optimizer_eo,mnar_20_train_prediction,mnar,train_and_prediction,0.2,rac1p_worst_group_accuracy,560,-0.024211446281490658,-0.1541194442848717,-0.1542620300709945
threshold_optimizer_eo,mcar_40_train_prediction,mcar,train_and_prediction,0.4,rac1p_worst_group_accuracy,560,-0.007088687234169517,-0.13699668523755057,-0.13713927102367335
threshold_optimizer_eo,mcar_50_train_prediction,mcar,train_and_prediction,0.5,rac1p_worst_group_accuracy,560,-0.006348191711806597,-0.13625618971518763,-0.13639877550131044
threshold_optimizer_eo,mnar_50_train_prediction,mnar,train_and_prediction,0.5,rac1p_worst_group_accuracy,560,-0.01871856443439429,-0.14862656243777533,-0.14876914822389814
threshold_optimizer_eo,mcar_60_train_prediction,mcar,train_and_prediction,0.6,rac1p_worst_group_accuracy,560,-0.0043019036795194044,-0.13420990168290042,-0.13435248746902326
threshold_optimizer_eo,mcar_80_train_prediction,mcar,train_and_prediction,0.8,rac1p_worst_group_accuracy,560,-0.007992950874809574,-0.1379009488781906,-0.13804353466431343
threshold_optimizer_eo,none_observed,mcar,train_and_prediction,0.0,rac1p_x_sex_demographic_parity_diff,560,0.1509759318182613,0.10491131726467494,0.09403465523333894
threshold_optimizer_eo,mcar_10_train_prediction,mcar,train_and_prediction,0.1,rac1p_x_sex_demographic_parity_diff,560,-0.003952771864315031,-0.05001738641790136,-0.060894048449237355
threshold_optimizer_eo,mnar_10_train_prediction,mnar,train_and_prediction,0.1,rac1p_x_sex_demographic_parity_diff,560,0.017098070595702192,-0.02896654395788414,-0.03984320598922013
threshold_optimizer_eo,mcar_20_train_prediction,mcar,train_and_prediction,0.2,rac1p_x_sex_demographic_parity_diff,560,-0.013625755992062736,-0.059690370545649074,-0.07056703257698506
threshold_optimizer_eo,mnar_20_train_prediction,mnar,train_and_prediction,0.2,rac1p_x_sex_demographic_parity_diff,560,-0.0020387063851046955,-0.04810332093869103,-0.05897998297002702
threshold_optimizer_eo,mcar_40_train_prediction,mcar,train_and_prediction,0.4,rac1p_x_sex_demographic_parity_diff,560,0.0006358788246989199,-0.04542873572888742,-0.056305397760223405
threshold_optimizer_eo,mcar_50_train_prediction,mcar,train_and_prediction,0.5,rac1p_x_sex_demographic_parity_diff,560,0.0010563250668324908,-0.045008289486753845,-0.05588495151808983
threshold_optimizer_eo,mnar_50_train_prediction,mnar,train_and_prediction,0.5,rac1p_x_sex_demographic_parity_diff,560,-0.006158472062385211,-0.05222308661597154,-0.06309974864730754
threshold_optimizer_eo,mcar_60_train_prediction,mcar,train_and_prediction,0.6,rac1p_x_sex_demographic_parity_diff,560,0.0025188902991172394,-0.04354572425446909,-0.054422386285805084
threshold_optimizer_eo,mcar_80_train_prediction,mcar,train_and_prediction,0.8,rac1p_x_sex_demographic_parity_diff,560,0.003690435151865385,-0.042374179401720946,-0.05325084143305694
threshold_optimizer_eo,none_observed,mcar,train_and_prediction,0.0,rac1p_x_sex_equalized_odds_diff,560,0.10276649698988995,0.05081235801685133,0.044023781217586974
threshold_optimizer_eo,mcar_10_train_prediction,mcar,train_and_prediction,0.1,rac1p_x_sex_equalized_odds_diff,560,-0.043822651256500124,-0.09577679022953874,-0.10256536702880309
threshold_optimizer_eo,mnar_10_train_prediction,mnar,train_and_prediction,0.1,rac1p_x_sex_equalized_odds_diff,560,-0.016347715081726614,-0.06830185405476523,-0.07509043085402958
threshold_optimizer_eo,mcar_20_train_prediction,mcar,train_and_prediction,0.2,rac1p_x_sex_equalized_odds_diff,560,-0.05286613818547452,-0.10482027715851314,-0.11160885395777749
threshold_optimizer_eo,mnar_20_train_prediction,mnar,train_and_prediction,0.2,rac1p_x_sex_equalized_odds_diff,560,-0.04128378271631272,-0.09323792168935133,-0.10002649848861568
threshold_optimizer_eo,mcar_40_train_prediction,mcar,train_and_prediction,0.4,rac1p_x_sex_equalized_odds_diff,560,-0.0208410976798561,-0.07279523665289471,-0.07958381345215906
threshold_optimizer_eo,mcar_50_train_prediction,mcar,train_and_prediction,0.5,rac1p_x_sex_equalized_odds_diff,560,-0.014753672187197761,-0.06670781116023637,-0.07349638795950074
threshold_optimizer_eo,mnar_50_train_prediction,mnar,train_and_prediction,0.5,rac1p_x_sex_equalized_odds_diff,560,-0.04027371208370971,-0.09222785105674833,-0.09901642785601268
threshold_optimizer_eo,mcar_60_train_prediction,mcar,train_and_prediction,0.6,rac1p_x_sex_equalized_odds_diff,560,-0.011652035526024805,-0.06360617449906342,-0.07039475129832777
threshold_optimizer_eo,mcar_80_train_prediction,mcar,train_and_prediction,0.8,rac1p_x_sex_equalized_odds_diff,560,-0.0037013356466329486,-0.05565547461967157,-0.062444051418935914
threshold_optimizer_eo,none_observed,mcar,train_and_prediction,0.0,rac1p_x_sex_worst_group_accuracy,560,0.0858569613600651,-0.044191380111262134,-0.044238374869891836
threshold_optimizer_eo,mcar_10_train_prediction,mcar,train_and_prediction,0.1,rac1p_x_sex_worst_group_accuracy,560,-0.019783439671836545,-0.14983178114316378,-0.14987877590179352
threshold_optimizer_eo,mnar_10_train_prediction,mnar,train_and_prediction,0.1,rac1p_x_sex_worst_group_accuracy,560,-0.010643176769710447,-0.1406915182410377,-0.1407385129996674
threshold_optimizer_eo,mcar_20_train_prediction,mcar,train_and_prediction,0.2,rac1p_x_sex_worst_group_accuracy,560,-0.019459289140957015,-0.14950763061228425,-0.14955462537091396
threshold_optimizer_eo,mnar_20_train_prediction,mnar,train_and_prediction,0.2,rac1p_x_sex_worst_group_accuracy,560,-0.0289506856551849,-0.15899902712651212,-0.15904602188514186
threshold_optimizer_eo,mcar_40_train_prediction,mcar,train_and_prediction,0.4,rac1p_x_sex_worst_group_accuracy,560,-0.009203997834909848,-0.1392523393062371,-0.1392993340648668
threshold_optimizer_eo,mcar_50_train_prediction,mcar,train_and_prediction,0.5,rac1p_x_sex_worst_group_accuracy,560,-0.009733921400304631,-0.13978226287163187,-0.1398292576302616
threshold_optimizer_eo,mnar_50_train_prediction,mnar,train_and_prediction,0.5,rac1p_x_sex_worst_group_accuracy,560,-0.022798975160261636,-0.15284731663158888,-0.15289431139021858
threshold_optimizer_eo,mcar_60_train_prediction,mcar,train_and_prediction,0.6,rac1p_x_sex_worst_group_accuracy,560,-0.006907125075134481,-0.13695546654646173,-0.13700246130509142
threshold_optimizer_eo,mcar_80_train_prediction,mcar,train_and_prediction,0.8,rac1p_x_sex_worst_group_accuracy,560,-0.007266793224643206,-0.13731513469597045,-0.13736212945460016
threshold_optimizer_eo,none_observed,mcar,train_and_prediction,0.0,roc_auc,560,0.08044590629917085,-0.07193906504598278,-0.07274298607845152
threshold_optimizer_eo,mcar_10_train_prediction,mcar,train_and_prediction,0.1,roc_auc,560,-0.021955350726173276,-0.174340322071327,-0.17514424310379573
threshold_optimizer_eo,mnar_10_train_prediction,mnar,train_and_prediction,0.1,roc_auc,560,-0.013872158172856862,-0.16625712951801055,-0.16706105055047926
threshold_optimizer_eo,mcar_20_train_prediction,mcar,train_and_prediction,0.2,roc_auc,560,-0.025233778474004653,-0.17761874981915837,-0.17842267085162708
threshold_optimizer_eo,mnar_20_train_prediction,mnar,train_and_prediction,0.2,roc_auc,560,-0.022950543879763894,-0.17533551522491758,-0.17613943625738632
threshold_optimizer_eo,mcar_40_train_prediction,mcar,train_and_prediction,0.4,roc_auc,560,-0.014221146401905865,-0.16660611774705958,-0.1674100387795283
threshold_optimizer_eo,mcar_50_train_prediction,mcar,train_and_prediction,0.5,roc_auc,560,-0.008120196799759866,-0.16050516814491356,-0.1613090891773823
threshold_optimizer_eo,mnar_50_train_prediction,mnar,train_and_prediction,0.5,roc_auc,560,-0.021361188924999937,-0.17374616027015363,-0.17455008130262237
threshold_optimizer_eo,mcar_60_train_prediction,mcar,train_and_prediction,0.6,roc_auc,560,-0.007295866166844109,-0.1596808375119978,-0.16048475854446653
threshold_optimizer_eo,mcar_80_train_prediction,mcar,train_and_prediction,0.8,roc_auc,560,-0.003173277529955131,-0.15555824887510883,-0.15636216990757756
threshold_optimizer_eo,none_observed,mcar,train_and_prediction,0.0,sex_demographic_parity_diff,560,0.021884870637224933,0.013740327645836312,0.010830267173912727
threshold_optimizer_eo,mcar_10_train_prediction,mcar,train_and_prediction,0.1,sex_demographic_parity_diff,560,-0.0024152206020124933,-0.0105597635934011,-0.01346982406532469
threshold_optimizer_eo,mnar_10_train_prediction,mnar,train_and_prediction,0.1,sex_demographic_parity_diff,560,-0.0005764928064093173,-0.008721035797797927,-0.011631096269721511
threshold_optimizer_eo,mcar_20_train_prediction,mcar,train_and_prediction,0.2,sex_demographic_parity_diff,560,-0.004264516713414029,-0.01240905970480264,-0.015319120176726224
threshold_optimizer_eo,mnar_20_train_prediction,mnar,train_and_prediction,0.2,sex_demographic_parity_diff,560,-0.002956316594721759,-0.011100859586110368,-0.014010920058033956
threshold_optimizer_eo,mcar_40_train_prediction,mcar,train_and_prediction,0.4,sex_demographic_parity_diff,560,-0.0023927097601090528,-0.010537252751497663,-0.013447313223421251
threshold_optimizer_eo,mcar_50_train_prediction,mcar,train_and_prediction,0.5,sex_demographic_parity_diff,560,-0.0018812017159910099,-0.010025744707379613,-0.0129358051793032
threshold_optimizer_eo,mnar_50_train_prediction,mnar,train_and_prediction,0.5,sex_demographic_parity_diff,560,-0.006041865589983544,-0.014186408581372153,-0.017096469053295742
threshold_optimizer_eo,mcar_60_train_prediction,mcar,train_and_prediction,0.6,sex_demographic_parity_diff,560,-0.0021917366468492457,-0.010336279638237855,-0.013246340110161443
threshold_optimizer_eo,mcar_80_train_prediction,mcar,train_and_prediction,0.8,sex_demographic_parity_diff,560,-0.0016033107910018436,-0.009747853782390457,-0.012657914254314048
threshold_optimizer_eo,none_observed,mcar,train_and_prediction,0.0,sex_equalized_odds_diff,560,0.02755831128459108,0.007143165619310971,0.004626589500964132
threshold_optimizer_eo,mcar_10_train_prediction,mcar,train_and_prediction,0.1,sex_equalized_odds_diff,560,0.005865404674596178,-0.014549740990683926,-0.017066317109030768
threshold_optimizer_eo,mnar_10_train_prediction,mnar,train_and_prediction,0.1,sex_equalized_odds_diff,560,0.007893007096265172,-0.012522138569014933,-0.01503871468736177
threshold_optimizer_eo,mcar_20_train_prediction,mcar,train_and_prediction,0.2,sex_equalized_odds_diff,560,0.0028775069881015677,-0.017537638677178537,-0.020054214795525376
threshold_optimizer_eo,mnar_20_train_prediction,mnar,train_and_prediction,0.2,sex_equalized_odds_diff,560,0.0034845248298265197,-0.016930620835453585,-0.019447196953800427
threshold_optimizer_eo,mcar_40_train_prediction,mcar,train_and_prediction,0.4,sex_equalized_odds_diff,560,0.0028276731369202323,-0.017587472528359873,-0.020104048646706712
threshold_optimizer_eo,mcar_50_train_prediction,mcar,train_and_prediction,0.5,sex_equalized_odds_diff,560,0.0017571260892385854,-0.018658019576041518,-0.02117459569438836
threshold_optimizer_eo,mnar_50_train_prediction,mnar,train_and_prediction,0.5,sex_equalized_odds_diff,560,-0.0007380215072910912,-0.021153167172571197,-0.023669743290918036
threshold_optimizer_eo,mcar_60_train_prediction,mcar,train_and_prediction,0.6,sex_equalized_odds_diff,560,0.000653481199639549,-0.019761664465640556,-0.022278240583987398
threshold_optimizer_eo,mcar_80_train_prediction,mcar,train_and_prediction,0.8,sex_equalized_odds_diff,560,-0.0010777014724114302,-0.021492847137691538,-0.024009423256038373
threshold_optimizer_eo,none_observed,mcar,train_and_prediction,0.0,sex_worst_group_accuracy,560,0.08768493610081607,-0.04547911045582539,-0.045248273460883705
threshold_optimizer_eo,mcar_10_train_prediction,mcar,train_and_prediction,0.1,sex_worst_group_accuracy,560,-0.015918568721222354,-0.14908261527786382,-0.14885177828292215
threshold_optimizer_eo,mnar_10_train_prediction,mnar,train_and_prediction,0.1,sex_worst_group_accuracy,560,-0.014236858441717598,-0.14740090499835906,-0.1471700680034174
threshold_optimizer_eo,mcar_20_train_prediction,mcar,train_and_prediction,0.2,sex_worst_group_accuracy,560,-0.02144246991569415,-0.15460651647233561,-0.15437567947739395
threshold_optimizer_eo,mnar_20_train_prediction,mnar,train_and_prediction,0.2,sex_worst_group_accuracy,560,-0.024555663669027845,-0.15771971022566933,-0.15748887323072766
threshold_optimizer_eo,mcar_40_train_prediction,mcar,train_and_prediction,0.4,sex_worst_group_accuracy,560,-0.014982552403581189,-0.14814659896022264,-0.14791576196528097
threshold_optimizer_eo,mcar_50_train_prediction,mcar,train_and_prediction,0.5,sex_worst_group_accuracy,560,-0.013724887470002318,-0.14688893402664377,-0.1466580970317021
threshold_optimizer_eo,mnar_50_train_prediction,mnar,train_and_prediction,0.5,sex_worst_group_accuracy,560,-0.02262585743309114,-0.1557899039897326,-0.15555906699479094
threshold_optimizer_eo,mcar_60_train_prediction,mcar,train_and_prediction,0.6,sex_worst_group_accuracy,560,-0.007930355607524423,-0.14109440216416588,-0.14086356516922424
threshold_optimizer_eo,mcar_80_train_prediction,mcar,train_and_prediction,0.8,sex_worst_group_accuracy,560,-0.007598791606008496,-0.14076283816264995,-0.14053200116770828
