task,split_mode,missingness_name,missingness_mechanism,missingness_scope,method,accuracy,balanced_accuracy,brier,fit_seconds
ACSEmployment,geographic,full,mcar,train_and_prediction,erm,0.820198,0.8229165614974954,0.13270546856801432,16.485741521806812
ACSEmployment,geographic,mcar_10_train_prediction,mcar,train_and_prediction,erm,0.820198,0.8229165614974954,0.13270546856801432,16.17445674348503
ACSEmployment,geographic,mcar_20_train_prediction,mcar,train_and_prediction,erm,0.820198,0.8229165614974954,0.13270546856801432,16.207723552089533
ACSEmployment,geographic,mcar_40_train_prediction,mcar,train_and_prediction,erm,0.820198,0.8229165614974954,0.13270546856801432,16.192371216895356
ACSEmployment,geographic,mcar_50_train_prediction,mcar,train_and_prediction,erm,0.820198,0.8229165614974954,0.13270546856801432,16.21123408521618
ACSEmployment,geographic,mcar_60_train_prediction,mcar,train_and_prediction,erm,0.820198,0.8229165614974954,0.13270546856801432,16.169289190136006
ACSEmployment,geographic,mcar_80_train_prediction,mcar,train_and_prediction,erm,0.820198,0.8229165614974954,0.13270546856801432,16.160900987492468
ACSEmployment,geographic,mnar_10_train_prediction,mnar,train_and_prediction,erm,0.820198,0.8229165614974954,0.13270546856801432,16.200160111016856
ACSEmployment,geographic,mnar_20_train_prediction,mnar,train_and_prediction,erm,0.820198,0.8229165614974954,0.13270546856801432,16.21056387907393
ACSEmployment,geographic,mnar_50_train_prediction,mnar,train_and_prediction,erm,0.820198,0.8229165614974954,0.13270546856801432,16.162474524639393
ACSEmployment,geographic,none_observed,mcar,train_and_prediction,erm,0.820198,0.8229165614974954,0.13270546856801432,16.200998264904367
ACSEmployment,geographic,full,mcar,train_and_prediction,feature_mixing,0.82085,0.8242492611138269,0.13177074204415812,94.94201407801684
ACSEmployment,geographic,mcar_10_train_prediction,mcar,train_and_prediction,feature_mixing,0.82085,0.8242492611138269,0.13177074204415812,94.2760902807554
ACSEmployment,geographic,mcar_20_train_prediction,mcar,train_and_prediction,feature_mixing,0.82085,0.8242492611138269,0.13177074204415812,94.44945132947409
ACSEmployment,geographic,mcar_40_train_prediction,mcar,train_and_prediction,feature_mixing,0.82085,0.8242492611138269,0.13177074204415812,94.37054928547637
ACSEmployment,geographic,mcar_50_train_prediction,mcar,train_and_prediction,feature_mixing,0.82085,0.8242492611138269,0.13177074204415812,94.41372504781536
ACSEmployment,geographic,mcar_60_train_prediction,mcar,train_and_prediction,feature_mixing,0.82085,0.8242492611138269,0.13177074204415812,94.39399861469417
ACSEmployment,geographic,mcar_80_train_prediction,mcar,train_and_prediction,feature_mixing,0.82085,0.8242492611138269,0.13177074204415812,94.49212551775925
ACSEmployment,geographic,mnar_10_train_prediction,mnar,train_and_prediction,feature_mixing,0.82085,0.8242492611138269,0.13177074204415812,94.41580323386086
ACSEmployment,geographic,mnar_20_train_prediction,mnar,train_and_prediction,feature_mixing,0.82085,0.8242492611138269,0.13177074204415812,94.46793516071828
ACSEmployment,geographic,mnar_50_train_prediction,mnar,train_and_prediction,feature_mixing,0.82085,0.8242492611138269,0.13177074204415812,94.31240828452928
ACSEmployment,geographic,none_observed,mcar,train_and_prediction,feature_mixing,0.82085,0.8242492611138269,0.13177074204415812,94.37617891513086
ACSEmployment,geographic,full,mcar,train_and_prediction,protected_group_mixing,0.8203026666666667,0.8234802449363242,0.13211749396722677,92.85108858679324
ACSEmployment,geographic,mcar_10_train_prediction,mcar,train_and_prediction,protected_group_mixing,0.819842,0.8229849385038351,0.13262347545260827,89.60482547013491
ACSEmployment,geographic,mcar_20_train_prediction,mcar,train_and_prediction,protected_group_mixing,0.820142,0.8232201006111685,0.13236758048924693,90.59455108907883
ACSEmployment,geographic,mcar_40_train_prediction,mcar,train_and_prediction,protected_group_mixing,0.8201713333333334,0.8233044862655186,0.13230490204405973,91.8917035461985
ACSEmployment,geographic,mcar_50_train_prediction,mcar,train_and_prediction,protected_group_mixing,0.820372,0.8235379970552118,0.13217908317425484,92.2175318666643
ACSEmployment,geographic,mcar_60_train_prediction,mcar,train_and_prediction,protected_group_mixing,0.8202193333333333,0.8234219498894354,0.13215979751459178,92.58834566120596
ACSEmployment,geographic,mcar_80_train_prediction,mcar,train_and_prediction,protected_group_mixing,0.82029,0.8234907569035709,0.1320934924397549,92.86193885126455
ACSEmployment,geographic,mnar_10_train_prediction,mnar,train_and_prediction,protected_group_mixing,0.8195746666666667,0.8227907438257804,0.13267394604749488,89.26791601705067
ACSEmployment,geographic,mnar_20_train_prediction,mnar,train_and_prediction,protected_group_mixing,0.8197886666666667,0.8229487324593027,0.13268379606728517,89.70507780498676
ACSEmployment,geographic,mnar_50_train_prediction,mnar,train_and_prediction,protected_group_mixing,0.8202206666666667,0.823378848666229,0.13231887577267934,91.0816443239092
ACSEmployment,geographic,none_observed,mcar,train_and_prediction,protected_group_mixing,0.820198,0.8229165614974954,0.13270546856801432,16.204400309889294
ACSEmployment,geographic,full,mcar,train_and_prediction,reweighing,0.8200806666666666,0.8228397791504204,0.1326264050958059,16.32452958710602
ACSEmployment,geographic,mcar_10_train_prediction,mcar,train_and_prediction,reweighing,0.8203186666666666,0.8230435964497262,0.13258344964956434,16.294297132737235
ACSEmployment,geographic,mcar_20_train_prediction,mcar,train_and_prediction,reweighing,0.8201213333333334,0.8228464626118889,0.13258632736007997,16.289904303541626
ACSEmployment,geographic,mcar_40_train_prediction,mcar,train_and_prediction,reweighing,0.8200046666666667,0.8227475997302874,0.13265188997348037,16.324813909918653
ACSEmployment,geographic,mcar_50_train_prediction,mcar,train_and_prediction,reweighing,0.8201226666666667,0.822862856787991,0.13263675185141713,16.31049711505555
ACSEmployment,geographic,mcar_60_train_prediction,mcar,train_and_prediction,reweighing,0.820044,0.8227714517540677,0.13260532919826923,16.291515612884673
ACSEmployment,geographic,mcar_80_train_prediction,mcar,train_and_prediction,reweighing,0.8200826666666667,0.8228269653133773,0.13265446286553886,16.28258219292554
ACSEmployment,geographic,mnar_10_train_prediction,mnar,train_and_prediction,reweighing,0.82014,0.8228422426349826,0.13257324671959725,16.33387798300443
ACSEmployment,geographic,mnar_20_train_prediction,mnar,train_and_prediction,reweighing,0.8201566666666666,0.8228555962414279,0.13259550743112505,16.356376333934204
ACSEmployment,geographic,mnar_50_train_prediction,mnar,train_and_prediction,reweighing,0.8201806666666667,0.8229067045375186,0.13258461089536613,16.321620361510984
ACSEmployment,geographic,none_observed,mcar,train_and_prediction,reweighing,0.820198,0.8229165614974954,0.13270546856801432,16.20234547747806
ACSEmployment,geographic,full,mcar,train_and_prediction,threshold_optimizer_eo,0.736086,0.7490350211837907,0.263914,5.125764542665093
ACSEmployment,geographic,mcar_10_train_prediction,mcar,train_and_prediction,threshold_optimizer_eo,0.7117680000000001,0.7145431514616449,0.288232,4.99453400439769
ACSEmployment,geographic,mcar_20_train_prediction,mcar,train_and_prediction,threshold_optimizer_eo,0.7130353333333334,0.7179790223652981,0.28696466666666665,5.061748104975683
ACSEmployment,geographic,mcar_40_train_prediction,mcar,train_and_prediction,threshold_optimizer_eo,0.712468,0.7226070951272178,0.287532,5.127221600624224
ACSEmployment,geographic,mcar_50_train_prediction,mcar,train_and_prediction,threshold_optimizer_eo,0.7270606666666667,0.7379249013679128,0.2729393333333333,5.142036122533318
ACSEmployment,geographic,mcar_60_train_prediction,mcar,train_and_prediction,threshold_optimizer_eo,0.7278273333333333,0.7390013950645761,0.2721726666666667,5.133612737610063
ACSEmployment,geographic,mcar_80_train_prediction,mcar,train_and_prediction,threshold_optimizer_eo,0.733514,0.7459052059060413,0.266486,5.14942054771175
ACSEmployment,geographic,mnar_10_train_prediction,mnar,train_and_prediction,threshold_optimizer_eo,0.713148,0.7165032598593537,0.286852,4.906148366436414
ACSEmployment,geographic,mnar_20_train_prediction,mnar,train_and_prediction,threshold_optimizer_eo,0.7074126666666666,0.7095904803187417,0.2925873333333333,4.99818560516576
ACSEmployment,geographic,mnar_50_train_prediction,mnar,train_and_prediction,threshold_optimizer_eo,0.7151633333333333,0.7214075318867269,0.2848366666666666,5.092828821503994
ACSEmployment,geographic,none_observed,mcar,train_and_prediction,threshold_optimizer_eo,0.818584,0.8236591417034542,0.18141599999999997,4.506887498774282
ACSEmployment,temporal,full,mcar,train_and_prediction,erm,0.8181380306590997,0.8201896158254615,0.13395135737788125,17.500073316806024
ACSEmployment,temporal,mcar_10_train_prediction,mcar,train_and_prediction,erm,0.8181380306590997,0.8201896158254615,0.13395135737788125,17.104420563012717
ACSEmployment,temporal,mcar_20_train_prediction,mcar,train_and_prediction,erm,0.8181380306590997,0.8201896158254615,0.13395135737788125,16.970751993139675
ACSEmployment,temporal,mcar_40_train_prediction,mcar,train_and_prediction,erm,0.8181380306590997,0.8201896158254615,0.13395135737788125,17.029293093266098
ACSEmployment,temporal,mcar_50_train_prediction,mcar,train_and_prediction,erm,0.8181380306590997,0.8201896158254615,0.13395135737788125,16.934195364671965
ACSEmployment,temporal,mcar_60_train_prediction,mcar,train_and_prediction,erm,0.8181380306590997,0.8201896158254615,0.13395135737788125,16.922739562870024
ACSEmployment,temporal,mcar_80_train_prediction,mcar,train_and_prediction,erm,0.8181380306590997,0.8201896158254615,0.13395135737788125,16.935455291819622
ACSEmployment,temporal,mnar_10_train_prediction,mnar,train_and_prediction,erm,0.8181380306590997,0.8201896158254615,0.13395135737788125,16.86066972060659
ACSEmployment,temporal,mnar_20_train_prediction,mnar,train_and_prediction,erm,0.8181380306590997,0.8201896158254615,0.13395135737788125,16.83654640674619
ACSEmployment,temporal,mnar_50_train_prediction,mnar,train_and_prediction,erm,0.8181380306590997,0.8201896158254615,0.13395135737788125,17.002279266524237
ACSEmployment,temporal,none_observed,mcar,train_and_prediction,erm,0.8181380306590997,0.8201896158254615,0.13395135737788125,17.17655595373993
ACSEmployment,temporal,full,mcar,train_and_prediction,feature_mixing,0.8186463647424519,0.8210694771820888,0.13358910379896177,96.23318706294594
ACSEmployment,temporal,mcar_10_train_prediction,mcar,train_and_prediction,feature_mixing,0.8186463647424519,0.8210694771820888,0.13358910379896177,96.11588441288046
ACSEmployment,temporal,mcar_20_train_prediction,mcar,train_and_prediction,feature_mixing,0.8186463647424519,0.8210694771820888,0.13358910379896177,95.32185585447162
ACSEmployment,temporal,mcar_40_train_prediction,mcar,train_and_prediction,feature_mixing,0.8186463647424519,0.8210694771820888,0.13358910379896177,95.72459018531717
ACSEmployment,temporal,mcar_50_train_prediction,mcar,train_and_prediction,feature_mixing,0.8186463647424519,0.8210694771820888,0.13358910379896177,95.50344048405968
ACSEmployment,temporal,mcar_60_train_prediction,mcar,train_and_prediction,feature_mixing,0.8186463647424519,0.8210694771820888,0.13358910379896177,95.63452647938351
ACSEmployment,temporal,mcar_80_train_prediction,mcar,train_and_prediction,feature_mixing,0.8186463647424519,0.8210694771820888,0.13358910379896177,95.94584617213792
ACSEmployment,temporal,mnar_10_train_prediction,mnar,train_and_prediction,feature_mixing,0.8186463647424519,0.8210694771820888,0.13358910379896177,94.95804122893375
ACSEmployment,temporal,mnar_20_train_prediction,mnar,train_and_prediction,feature_mixing,0.8186463647424519,0.8210694771820888,0.13358910379896177,94.93942867565912
ACSEmployment,temporal,mnar_50_train_prediction,mnar,train_and_prediction,feature_mixing,0.8186463647424519,0.8210694771820888,0.13358910379896177,95.4476635955963
ACSEmployment,temporal,none_observed,mcar,train_and_prediction,feature_mixing,0.8186463647424519,0.8210694771820888,0.13358910379896177,95.7495835988706
ACSEmployment,temporal,full,mcar,train_and_prediction,protected_group_mixing,0.8187763633674175,0.8212261868980193,0.13346447413011936,93.70390004440608
ACSEmployment,temporal,mcar_10_train_prediction,mcar,train_and_prediction,protected_group_mixing,0.8183163623673925,0.8205176042269333,0.1338559555191897,90.52374951800071
ACSEmployment,temporal,mcar_20_train_prediction,mcar,train_and_prediction,protected_group_mixing,0.8181946972840988,0.8204180597283626,0.13361959127742343,92.25439497326424
ACSEmployment,temporal,mcar_40_train_prediction,mcar,train_and_prediction,protected_group_mixing,0.8183013626590665,0.8206904401479848,0.13363649445508882,92.62493281713577
ACSEmployment,temporal,mcar_50_train_prediction,mcar,train_and_prediction,protected_group_mixing,0.8182613637424269,0.8206465992578529,0.13369518324867063,92.53681846446464
ACSEmployment,temporal,mcar_60_train_prediction,mcar,train_and_prediction,protected_group_mixing,0.818453030492429,0.8208245530620037,0.13355274900320177,92.59332085485948
ACSEmployment,temporal,mcar_80_train_prediction,mcar,train_and_prediction,protected_group_mixing,0.818429696659083,0.8207883316680732,0.1333475424504875,94.15193980740678
ACSEmployment,temporal,mnar_10_train_prediction,mnar,train_and_prediction,protected_group_mixing,0.8175746959507321,0.8198166177398583,0.13400615218309941,88.08797148446962
ACSEmployment,temporal,mnar_20_train_prediction,mnar,train_and_prediction,protected_group_mixing,0.8178196956173903,0.8199703725769294,0.13423869379289696,89.03000311339929
ACSEmployment,temporal,mnar_50_train_prediction,mnar,train_and_prediction,protected_group_mixing,0.8182963632424144,0.820651149280208,0.13367710016244164,91.15571574913253
ACSEmployment,temporal,none_observed,mcar,train_and_prediction,protected_group_mixing,0.8181380306590997,0.8201896158254615,0.13395135737788125,17.04612439400389
ACSEmployment,temporal,full,mcar,train_and_prediction,reweighing,0.8182013629507404,0.8202533256172961,0.1339247379894239,16.971004217256812
ACSEmployment,temporal,mcar_10_train_prediction,mcar,train_and_prediction,reweighing,0.8180963629507404,0.8201561283858599,0.13415230889290852,17.122398309796154
ACSEmployment,temporal,mcar_20_train_prediction,mcar,train_and_prediction,reweighing,0.8181480292423977,0.8202072907054904,0.13400426884783004,17.06774923019202
ACSEmployment,temporal,mcar_40_train_prediction,mcar,train_and_prediction,reweighing,0.81800802920073,0.820081177436116,0.1342000362095581,16.99843648599514
ACSEmployment,temporal,mcar_50_train_prediction,mcar,train_and_prediction,reweighing,0.8181596964090769,0.8202338877568535,0.13383914551476891,16.98140149585009
ACSEmployment,temporal,mcar_60_train_prediction,mcar,train_and_prediction,reweighing,0.81821969653408,0.8203056109315969,0.13377971487675452,17.00681042667141
ACSEmployment,temporal,mcar_80_train_prediction,mcar,train_and_prediction,reweighing,0.8182046967840862,0.8202650959442792,0.13396085095250948,17.101721265062892
ACSEmployment,temporal,mnar_10_train_prediction,mnar,train_and_prediction,reweighing,0.8179330292840654,0.8199723206698348,0.1339430735566089,16.908176157143437
ACSEmployment,temporal,mnar_20_train_prediction,mnar,train_and_prediction,reweighing,0.8181313624923957,0.820179423659083,0.13421927635191977,16.81881631052226
ACSEmployment,temporal,mnar_50_train_prediction,mnar,train_and_prediction,reweighing,0.8179596957423936,0.8200126439128342,0.1340804602775819,16.91391524327464
ACSEmployment,temporal,none_observed,mcar,train_and_prediction,reweighing,0.8181380306590997,0.8201896158254615,0.13395135737788125,16.994959138659457
ACSEmployment,temporal,full,mcar,train_and_prediction,threshold_optimizer_eo,0.7333629185312966,0.7430280641794779,0.26663708146870335,5.379503391114485
ACSEmployment,temporal,mcar_10_train_prediction,mcar,train_and_prediction,threshold_optimizer_eo,0.7019194615698725,0.7014914226666126,0.29808053843012744,5.41148559160932
ACSEmployment,temporal,mcar_20_train_prediction,mcar,train_and_prediction,threshold_optimizer_eo,0.7110428961140695,0.7206944792189306,0.2889571038859305,5.402745206201144
ACSEmployment,temporal,mcar_40_train_prediction,mcar,train_and_prediction,threshold_optimizer_eo,0.7181611906130987,0.726446838717931,0.2818388093869013,5.3944237555875585
ACSEmployment,temporal,mcar_50_train_prediction,mcar,train_and_prediction,threshold_optimizer_eo,0.7334079301982549,0.7406491342509697,0.26659206980174505,5.4248313360008975
ACSEmployment,temporal,mcar_60_train_prediction,mcar,train_and_prediction,threshold_optimizer_eo,0.7139679020725518,0.7274329754650876,0.28603209792744816,5.419008821672893
ACSEmployment,temporal,mcar_80_train_prediction,mcar,train_and_prediction,threshold_optimizer_eo,0.7276412158220622,0.736441524713358,0.27235878417793774,5.4024020563948705
ACSEmployment,temporal,mnar_10_train_prediction,mnar,train_and_prediction,threshold_optimizer_eo,0.7013442272723485,0.7024865688267246,0.29865577272765154,5.080547265599671
ACSEmployment,temporal,mnar_20_train_prediction,mnar,train_and_prediction,threshold_optimizer_eo,0.6708045944065268,0.6661109795634482,0.32919540559347316,5.21688079006714
ACSEmployment,temporal,mnar_50_train_prediction,mnar,train_and_prediction,threshold_optimizer_eo,0.6953178681967049,0.7021667527971264,0.30468213180329506,5.303732952668057
ACSEmployment,temporal,none_observed,mcar,train_and_prediction,threshold_optimizer_eo,0.8181813638257622,0.821213920331621,0.18181863617423769,4.797854038540633
ACSIncome,geographic,full,mcar,train_and_prediction,erm,0.7675926666666667,0.7558631330187257,0.16291040168796223,11.773895499533111
ACSIncome,geographic,mcar_10_train_prediction,mcar,train_and_prediction,erm,0.7675926666666667,0.7558631330187257,0.16291040168796223,11.427824515531247
ACSIncome,geographic,mcar_20_train_prediction,mcar,train_and_prediction,erm,0.7675926666666667,0.7558631330187257,0.16291040168796223,11.415175393697936
ACSIncome,geographic,mcar_40_train_prediction,mcar,train_and_prediction,erm,0.7675926666666667,0.7558631330187257,0.16291040168796223,11.42450080768793
ACSIncome,geographic,mcar_50_train_prediction,mcar,train_and_prediction,erm,0.7675926666666667,0.7558631330187257,0.16291040168796223,11.40192567376935
ACSIncome,geographic,mcar_60_train_prediction,mcar,train_and_prediction,erm,0.7675926666666667,0.7558631330187257,0.16291040168796223,11.409130316981559
ACSIncome,geographic,mcar_80_train_prediction,mcar,train_and_prediction,erm,0.7675926666666667,0.7558631330187257,0.16291040168796223,11.404225334456983
ACSIncome,geographic,mnar_10_train_prediction,mnar,train_and_prediction,erm,0.7675926666666667,0.7558631330187257,0.16291040168796223,11.448330226345032
ACSIncome,geographic,mnar_20_train_prediction,mnar,train_and_prediction,erm,0.7675926666666667,0.7558631330187257,0.16291040168796223,11.440804471433665
ACSIncome,geographic,mnar_50_train_prediction,mnar,train_and_prediction,erm,0.7675926666666667,0.7558631330187257,0.16291040168796223,11.402213544533858
ACSIncome,geographic,none_observed,mcar,train_and_prediction,erm,0.7675926666666667,0.7558631330187257,0.16291040168796223,11.409522804033287
ACSIncome,geographic,full,mcar,train_and_prediction,feature_mixing,0.7632866666666667,0.7562612876635244,0.16293819346931684,76.00995413090133
ACSIncome,geographic,mcar_10_train_prediction,mcar,train_and_prediction,feature_mixing,0.7632866666666667,0.7562612876635244,0.16293819346931684,75.68115787988654
ACSIncome,geographic,mcar_20_train_prediction,mcar,train_and_prediction,feature_mixing,0.7632866666666667,0.7562612876635244,0.16293819346931684,75.64872148474812
ACSIncome,geographic,mcar_40_train_prediction,mcar,train_and_prediction,feature_mixing,0.7632866666666667,0.7562612876635244,0.16293819346931684,75.6301032733594
ACSIncome,geographic,mcar_50_train_prediction,mcar,train_and_prediction,feature_mixing,0.7632866666666667,0.7562612876635244,0.16293819346931684,75.58380386283703
ACSIncome,geographic,mcar_60_train_prediction,mcar,train_and_prediction,feature_mixing,0.7632866666666667,0.7562612876635244,0.16293819346931684,75.75774079104312
ACSIncome,geographic,mcar_80_train_prediction,mcar,train_and_prediction,feature_mixing,0.7632866666666667,0.7562612876635244,0.16293819346931684,75.8226465385424
ACSIncome,geographic,mnar_10_train_prediction,mnar,train_and_prediction,feature_mixing,0.7632866666666667,0.7562612876635244,0.16293819346931684,76.03274516455922
ACSIncome,geographic,mnar_20_train_prediction,mnar,train_and_prediction,feature_mixing,0.7632866666666667,0.7562612876635244,0.16293819346931684,76.03822606723755
ACSIncome,geographic,mnar_50_train_prediction,mnar,train_and_prediction,feature_mixing,0.7632866666666667,0.7562612876635244,0.16293819346931684,75.82230423581967
ACSIncome,geographic,none_observed,mcar,train_and_prediction,feature_mixing,0.7632866666666667,0.7562612876635244,0.16293819346931684,75.66737610343206
ACSIncome,geographic,full,mcar,train_and_prediction,protected_group_mixing,0.7636746666666666,0.7551937803571644,0.16381357644961198,74.63070160781831
ACSIncome,geographic,mcar_10_train_prediction,mcar,train_and_prediction,protected_group_mixing,0.7608226666666666,0.7516595506229045,0.16521581689052953,71.49205684250435
ACSIncome,geographic,mcar_20_train_prediction,mcar,train_and_prediction,protected_group_mixing,0.7616526666666666,0.7522653265676094,0.1646885458846921,72.39009164362463
ACSIncome,geographic,mcar_40_train_prediction,mcar,train_and_prediction,protected_group_mixing,0.7626113333333333,0.7534966107502019,0.16421360164302454,73.56222998382967
ACSIncome,geographic,mcar_50_train_prediction,mcar,train_and_prediction,protected_group_mixing,0.7628060000000001,0.7538887884187032,0.16409586100361437,73.67600527782069
ACSIncome,geographic,mcar_60_train_prediction,mcar,train_and_prediction,protected_group_mixing,0.763086,0.7543996681797246,0.16401965360057288,74.1078492788429
ACSIncome,geographic,mcar_80_train_prediction,mcar,train_and_prediction,protected_group_mixing,0.76355,0.7548388670710291,0.1638152191225626,74.40731248141806
ACSIncome,geographic,mnar_10_train_prediction,mnar,train_and_prediction,protected_group_mixing,0.7598966666666667,0.7510079534223576,0.16565145889526442,70.20307078278476
ACSIncome,geographic,mnar_20_train_prediction,mnar,train_and_prediction,protected_group_mixing,0.7607453333333333,0.7514369475765061,0.16522088961379072,71.64378274495299
ACSIncome,geographic,mnar_50_train_prediction,mnar,train_and_prediction,protected_group_mixing,0.7616613333333333,0.7526266452074104,0.16463405680823764,72.98503578984504
ACSIncome,geographic,none_observed,mcar,train_and_prediction,protected_group_mixing,0.7675926666666667,0.7558631330187257,0.16291040168796223,11.453183508488422
ACSIncome,geographic,full,mcar,train_and_prediction,reweighing,0.7658326666666667,0.7503176459210994,0.1639969701001883,11.475633936790942
ACSIncome,geographic,mcar_10_train_prediction,mcar,train_and_prediction,reweighing,0.7677406666666667,0.7555709942545452,0.16299254768504248,11.460068330434726
ACSIncome,geographic,mcar_20_train_prediction,mcar,train_and_prediction,reweighing,0.7674673333333334,0.7551604858791825,0.16308909689796353,11.466663023111053
ACSIncome,geographic,mcar_40_train_prediction,mcar,train_and_prediction,reweighing,0.7673486666666667,0.7542964480716908,0.16328359245372323,11.455599873743406
ACSIncome,geographic,mcar_50_train_prediction,mcar,train_and_prediction,reweighing,0.7672126666666667,0.7539145629202305,0.1633749017880347,11.486048527774802
ACSIncome,geographic,mcar_60_train_prediction,mcar,train_and_prediction,reweighing,0.76725,0.7534967564137922,0.16349640506195148,11.518413253081512
ACSIncome,geographic,mcar_80_train_prediction,mcar,train_and_prediction,reweighing,0.7665426666666667,0.7517915916242557,0.1637222907503149,11.516864557114602
ACSIncome,geographic,mnar_10_train_prediction,mnar,train_and_prediction,reweighing,0.767744,0.7555329488469907,0.16301218838563392,11.462708467440397
ACSIncome,geographic,mnar_20_train_prediction,mnar,train_and_prediction,reweighing,0.7676873333333333,0.7554626797871901,0.1629978026719257,11.512879551295555
ACSIncome,geographic,mnar_50_train_prediction,mnar,train_and_prediction,reweighing,0.7673293333333333,0.754200843687887,0.16320088872459187,11.510466220723362
ACSIncome,geographic,none_observed,mcar,train_and_prediction,reweighing,0.7675926666666667,0.7558631330187257,0.16291040168796223,11.422072564385802
ACSIncome,geographic,full,mcar,train_and_prediction,threshold_optimizer_eo,0.6587326666666666,0.6713964817897478,0.34126733333333337,7.890376155624839
ACSIncome,geographic,mcar_10_train_prediction,mcar,train_and_prediction,threshold_optimizer_eo,0.6730499999999999,0.674842389100522,0.32694999999999996,7.595627777321366
ACSIncome,geographic,mcar_20_train_prediction,mcar,train_and_prediction,threshold_optimizer_eo,0.6730806666666667,0.6539508587708039,0.32691933333333334,7.694196209951973
ACSIncome,geographic,mcar_40_train_prediction,mcar,train_and_prediction,threshold_optimizer_eo,0.6566513333333334,0.6580338479705026,0.34334866666666664,7.7022640462497804
ACSIncome,geographic,mcar_50_train_prediction,mcar,train_and_prediction,threshold_optimizer_eo,0.663208,0.6667322574086535,0.336792,7.751757871880196
ACSIncome,geographic,mcar_60_train_prediction,mcar,train_and_prediction,threshold_optimizer_eo,0.649624,0.6634475142683238,0.35037599999999997,7.7623697523046
ACSIncome,geographic,mcar_80_train_prediction,mcar,train_and_prediction,threshold_optimizer_eo,0.65707,0.6676428865392176,0.34292999999999996,7.804912383353228
ACSIncome,geographic,mnar_10_train_prediction,mnar,train_and_prediction,threshold_optimizer_eo,0.6776626666666666,0.6658578566797316,0.3223373333333333,7.459768144626665
ACSIncome,geographic,mnar_20_train_prediction,mnar,train_and_prediction,threshold_optimizer_eo,0.667812,0.6701487406627428,0.332188,7.656744846170091
ACSIncome,geographic,mnar_50_train_prediction,mnar,train_and_prediction,threshold_optimizer_eo,0.6637413333333334,0.6583171585692699,0.33625866666666665,7.702211178474841
ACSIncome,geographic,none_observed,mcar,train_and_prediction,threshold_optimizer_eo,0.7555553333333334,0.7618144412701353,0.24444466666666664,7.13175169185274
ACSIncome,temporal,full,mcar,train_and_prediction,erm,0.7501995502071612,0.7114970341586698,0.16679387064646609,12.211495536472041
ACSIncome,temporal,mcar_10_train_prediction,mcar,train_and_prediction,erm,0.7501995502071612,0.7114970341586698,0.16679387064646609,11.807306101601414
ACSIncome,temporal,mcar_20_train_prediction,mcar,train_and_prediction,erm,0.7501995502071612,0.7114970341586698,0.16679387064646609,11.794141370133245
ACSIncome,temporal,mcar_40_train_prediction,mcar,train_and_prediction,erm,0.7501995502071612,0.7114970341586698,0.16679387064646609,11.812194611068843
ACSIncome,temporal,mcar_50_train_prediction,mcar,train_and_prediction,erm,0.7501995502071612,0.7114970341586698,0.16679387064646609,11.822208251798292
ACSIncome,temporal,mcar_60_train_prediction,mcar,train_and_prediction,erm,0.7501995502071612,0.7114970341586698,0.16679387064646609,11.793845074397693
ACSIncome,temporal,mcar_80_train_prediction,mcar,train_and_prediction,erm,0.7501995502071612,0.7114970341586698,0.16679387064646609,11.783172819866195
ACSIncome,temporal,mnar_10_train_prediction,mnar,train_and_prediction,erm,0.7501995502071612,0.7114970341586698,0.16679387064646609,11.80846085826585
ACSIncome,temporal,mnar_20_train_prediction,mnar,train_and_prediction,erm,0.7501995502071612,0.7114970341586698,0.16679387064646609,11.81439642160185
ACSIncome,temporal,mnar_50_train_prediction,mnar,train_and_prediction,erm,0.7501995502071612,0.7114970341586698,0.16679387064646609,11.807211850870772
ACSIncome,temporal,none_observed,mcar,train_and_prediction,erm,0.7501995502071612,0.7114970341586698,0.16679387064646609,11.798305618667534
ACSIncome,temporal,full,mcar,train_and_prediction,feature_mixing,0.7516247027694009,0.7154583214662618,0.1662084994185769,74.83998677333388
ACSIncome,temporal,mcar_10_train_prediction,mcar,train_and_prediction,feature_mixing,0.7516247027694009,0.7154583214662618,0.1662084994185769,74.42485221579572
ACSIncome,temporal,mcar_20_train_prediction,mcar,train_and_prediction,feature_mixing,0.7516247027694009,0.7154583214662618,0.1662084994185769,74.49137131967454
ACSIncome,temporal,mcar_40_train_prediction,mcar,train_and_prediction,feature_mixing,0.7516247027694009,0.7154583214662618,0.1662084994185769,74.55129495673118
ACSIncome,temporal,mcar_50_train_prediction,mcar,train_and_prediction,feature_mixing,0.7516247027694009,0.7154583214662618,0.1662084994185769,74.57296477913181
ACSIncome,temporal,mcar_60_train_prediction,mcar,train_and_prediction,feature_mixing,0.7516247027694009,0.7154583214662618,0.1662084994185769,74.763191742667
ACSIncome,temporal,mcar_80_train_prediction,mcar,train_and_prediction,feature_mixing,0.7516247027694009,0.7154583214662618,0.1662084994185769,74.68071083173463
ACSIncome,temporal,mnar_10_train_prediction,mnar,train_and_prediction,feature_mixing,0.7516247027694009,0.7154583214662618,0.1662084994185769,74.70146276247118
ACSIncome,temporal,mnar_20_train_prediction,mnar,train_and_prediction,feature_mixing,0.7516247027694009,0.7154583214662618,0.1662084994185769,74.66548045666053
ACSIncome,temporal,mnar_50_train_prediction,mnar,train_and_prediction,feature_mixing,0.7516247027694009,0.7154583214662618,0.1662084994185769,74.66780279559273
ACSIncome,temporal,none_observed,mcar,train_and_prediction,feature_mixing,0.7516247027694009,0.7154583214662618,0.1662084994185769,74.46432743986503
ACSIncome,temporal,full,mcar,train_and_prediction,protected_group_mixing,0.7532213806388982,0.7188578047433004,0.1661546576967465,73.66524290659308
ACSIncome,temporal,mcar_10_train_prediction,mcar,train_and_prediction,protected_group_mixing,0.7482943087096905,0.7116549690313266,0.16816427931651182,70.51847718946507
ACSIncome,temporal,mcar_20_train_prediction,mcar,train_and_prediction,protected_group_mixing,0.7490943866798999,0.7126120712817007,0.16760470710350778,71.36144030920137
ACSIncome,temporal,mcar_40_train_prediction,mcar,train_and_prediction,protected_group_mixing,0.750746182575759,0.7150747286347614,0.16666270211511483,72.58686079746882
ACSIncome,temporal,mcar_50_train_prediction,mcar,train_and_prediction,protected_group_mixing,0.7522196547154493,0.7177782994277558,0.16627863598207338,72.64887516786452
ACSIncome,temporal,mcar_60_train_prediction,mcar,train_and_prediction,protected_group_mixing,0.7519929248301549,0.71683498330482,0.16642731443703976,72.79376890626402
ACSIncome,temporal,mcar_80_train_prediction,mcar,train_and_prediction,protected_group_mixing,0.752793052727781,0.7184791321534795,0.1660143547645047,73.59013100047038
ACSIncome,temporal,mnar_10_train_prediction,mnar,train_and_prediction,protected_group_mixing,0.7468258337401096,0.7096195430957167,0.168745995056884,69.36923641686607
ACSIncome,temporal,mnar_20_train_prediction,mnar,train_and_prediction,protected_group_mixing,0.7485709493337086,0.7124200101382114,0.16813841773593058,70.06986996753481
ACSIncome,temporal,mnar_50_train_prediction,mnar,train_and_prediction,protected_group_mixing,0.7510111421901849,0.7155147433652685,0.16707804308180782,71.74817942379869
ACSIncome,temporal,none_observed,mcar,train_and_prediction,protected_group_mixing,0.7501995502071612,0.7114970341586698,0.16679387064646609,11.843994173802336
ACSIncome,temporal,full,mcar,train_and_prediction,reweighing,0.7485525834527631,0.7094477046200767,0.16751370585426714,11.83636906933419
ACSIncome,temporal,mcar_10_train_prediction,mcar,train_and_prediction,reweighing,0.7510929520074847,0.7129655844363628,0.16658650956424764,11.842873582997708
ACSIncome,temporal,mcar_20_train_prediction,mcar,train_and_prediction,reweighing,0.7503045101178814,0.7115687207212846,0.16682998531840926,11.819350405669017
ACSIncome,temporal,mcar_40_train_prediction,mcar,train_and_prediction,reweighing,0.750879576083108,0.7128529025763749,0.16670583594281688,11.870818187464284
ACSIncome,temporal,mcar_50_train_prediction,mcar,train_and_prediction,reweighing,0.7494544103103169,0.7107675707454434,0.16711391238610576,11.815843837336555
ACSIncome,temporal,mcar_60_train_prediction,mcar,train_and_prediction,reweighing,0.7500094011365568,0.7115732001135038,0.16672897261796227,11.896582990063811
ACSIncome,temporal,mcar_80_train_prediction,mcar,train_and_prediction,reweighing,0.7491427001336106,0.710228122946028,0.16741862423135476,11.808380007794192
ACSIncome,temporal,mnar_10_train_prediction,mnar,train_and_prediction,reweighing,0.7517147198096928,0.7137472244422584,0.166506913646203,11.894069612066838
ACSIncome,temporal,mnar_20_train_prediction,mnar,train_and_prediction,reweighing,0.7518163206754279,0.7142064560456511,0.1665958723677087,11.840104341728086
ACSIncome,temporal,mnar_50_train_prediction,mnar,train_and_prediction,reweighing,0.7509978390289298,0.713161933809237,0.1667823532851702,11.887017112602855
ACSIncome,temporal,none_observed,mcar,train_and_prediction,reweighing,0.7501995502071612,0.7114970341586698,0.16679387064646609,11.806298227997589
ACSIncome,temporal,full,mcar,train_and_prediction,threshold_optimizer_eo,0.6632903024094969,0.6766920047117766,0.33670969759050295,7.961827776401606
ACSIncome,temporal,mcar_10_train_prediction,mcar,train_and_prediction,threshold_optimizer_eo,0.6690377934626378,0.6607378139167237,0.33096220653736214,7.86414872340744
ACSIncome,temporal,mcar_20_train_prediction,mcar,train_and_prediction,threshold_optimizer_eo,0.6333463058182495,0.6352726736900446,0.3666536941817506,7.9455804538666905
ACSIncome,temporal,mcar_40_train_prediction,mcar,train_and_prediction,threshold_optimizer_eo,0.6685427666390371,0.6619541005306719,0.33145723336096283,7.97889714526882
ACSIncome,temporal,mcar_50_train_prediction,mcar,train_and_prediction,threshold_optimizer_eo,0.6602542707075024,0.6662071372928632,0.3397457292924975,7.983140466462828
ACSIncome,temporal,mcar_60_train_prediction,mcar,train_and_prediction,threshold_optimizer_eo,0.6586354328453189,0.676361940209047,0.3413645671546811,8.195831924795675
ACSIncome,temporal,mcar_80_train_prediction,mcar,train_and_prediction,threshold_optimizer_eo,0.6597327537056411,0.6771389019921635,0.34026724629435895,7.954196453068652
ACSIncome,temporal,mnar_10_train_prediction,mnar,train_and_prediction,threshold_optimizer_eo,0.6721574720985957,0.6671127448307913,0.3278425279014043,7.7093349389964105
ACSIncome,temporal,mnar_20_train_prediction,mnar,train_and_prediction,threshold_optimizer_eo,0.6484088719491942,0.6706979938185983,0.3515911280508057,7.84050955233015
ACSIncome,temporal,mnar_50_train_prediction,mnar,train_and_prediction,threshold_optimizer_eo,0.6423705823939734,0.6248347690618704,0.3576294176060266,7.9305457652572535
ACSIncome,temporal,none_observed,mcar,train_and_prediction,threshold_optimizer_eo,0.761126905981471,0.7556148996562749,0.23887309401852894,7.394789662465276
ACSMobility,geographic,full,mcar,train_and_prediction,erm,0.7590984620194388,0.5335389596366026,0.16952321297638992,32.0614061202797
ACSMobility,geographic,mcar_10_train_prediction,mcar,train_and_prediction,erm,0.7590984620194388,0.5335389596366026,0.16952321297638992,31.635391872871622
ACSMobility,geographic,mcar_20_train_prediction,mcar,train_and_prediction,erm,0.7590984620194388,0.5335389596366026,0.16952321297638992,31.685608026448236
ACSMobility,geographic,mcar_40_train_prediction,mcar,train_and_prediction,erm,0.7590984620194388,0.5335389596366026,0.16952321297638992,31.852707305697333
ACSMobility,geographic,mcar_50_train_prediction,mcar,train_and_prediction,erm,0.7590984620194388,0.5335389596366026,0.16952321297638992,31.823872153738595
ACSMobility,geographic,mcar_60_train_prediction,mcar,train_and_prediction,erm,0.7590984620194388,0.5335389596366026,0.16952321297638992,31.821768290913404
ACSMobility,geographic,mcar_80_train_prediction,mcar,train_and_prediction,erm,0.7590984620194388,0.5335389596366026,0.16952321297638992,31.75933095554761
ACSMobility,geographic,mnar_10_train_prediction,mnar,train_and_prediction,erm,0.7590984620194388,0.5335389596366026,0.16952321297638992,31.606882356513655
ACSMobility,geographic,mnar_20_train_prediction,mnar,train_and_prediction,erm,0.7590984620194388,0.5335389596366026,0.16952321297638992,31.58752591804147
ACSMobility,geographic,mnar_50_train_prediction,mnar,train_and_prediction,erm,0.7590984620194388,0.5335389596366026,0.16952321297638992,31.611693878890858
ACSMobility,geographic,none_observed,mcar,train_and_prediction,erm,0.7590984620194388,0.5335389596366026,0.16952321297638992,31.579984466642816
ACSMobility,geographic,full,mcar,train_and_prediction,feature_mixing,0.7598581527806253,0.547800566832809,0.16743064537395894,134.8939757881918
ACSMobility,geographic,mcar_10_train_prediction,mcar,train_and_prediction,feature_mixing,0.7598581527806253,0.547800566832809,0.16743064537395894,133.52421265911323
ACSMobility,geographic,mcar_20_train_prediction,mcar,train_and_prediction,feature_mixing,0.7598581527806253,0.547800566832809,0.16743064537395894,133.84357383945596
ACSMobility,geographic,mcar_40_train_prediction,mcar,train_and_prediction,feature_mixing,0.7598581527806253,0.547800566832809,0.16743064537395894,134.0222484348757
ACSMobility,geographic,mcar_50_train_prediction,mcar,train_and_prediction,feature_mixing,0.7598581527806253,0.547800566832809,0.16743064537395894,133.89982805742306
ACSMobility,geographic,mcar_60_train_prediction,mcar,train_and_prediction,feature_mixing,0.7598581527806253,0.547800566832809,0.16743064537395894,134.322490412582
ACSMobility,geographic,mcar_80_train_prediction,mcar,train_and_prediction,feature_mixing,0.7598581527806253,0.547800566832809,0.16743064537395894,134.1881943890371
ACSMobility,geographic,mnar_10_train_prediction,mnar,train_and_prediction,feature_mixing,0.7598581527806253,0.547800566832809,0.16743064537395894,133.65028184989657
ACSMobility,geographic,mnar_20_train_prediction,mnar,train_and_prediction,feature_mixing,0.7598581527806253,0.547800566832809,0.16743064537395894,133.56870074354643
ACSMobility,geographic,mnar_50_train_prediction,mnar,train_and_prediction,feature_mixing,0.7598581527806253,0.547800566832809,0.16743064537395894,133.59446227989076
ACSMobility,geographic,none_observed,mcar,train_and_prediction,feature_mixing,0.7598581527806253,0.547800566832809,0.16743064537395894,133.5189993204419
ACSMobility,geographic,full,mcar,train_and_prediction,protected_group_mixing,0.7584686852390382,0.539030249627367,0.16994526006072716,137.69277356354533
ACSMobility,geographic,mcar_10_train_prediction,mcar,train_and_prediction,protected_group_mixing,0.75757210095174,0.5314979759427476,0.17033866693092392,134.0077657860247
ACSMobility,geographic,mcar_20_train_prediction,mcar,train_and_prediction,protected_group_mixing,0.7577002866545035,0.5331127587980222,0.17032036186664948,136.1321605027321
ACSMobility,geographic,mcar_40_train_prediction,mcar,train_and_prediction,protected_group_mixing,0.7581009655251648,0.5366774117752662,0.17001656791075787,136.37066985063146
ACSMobility,geographic,mcar_50_train_prediction,mcar,train_and_prediction,protected_group_mixing,0.7582923258421373,0.5366315824802561,0.17002500684656774,137.11828461788753
ACSMobility,geographic,mcar_60_train_prediction,mcar,train_and_prediction,protected_group_mixing,0.7583020390919825,0.5373150126587135,0.16997529271010517,136.44206405016558
ACSMobility,geographic,mcar_80_train_prediction,mcar,train_and_prediction,protected_group_mixing,0.7586397385193426,0.5392725386463514,0.16991719203878766,138.1631402914102
ACSMobility,geographic,mnar_10_train_prediction,mnar,train_and_prediction,protected_group_mixing,0.7574110487723116,0.5302486145670611,0.17064100806583854,132.1103173227732
ACSMobility,geographic,mnar_20_train_prediction,mnar,train_and_prediction,protected_group_mixing,0.7578022420122715,0.5322165255901045,0.1703268867382531,134.4710019556171
ACSMobility,geographic,mnar_50_train_prediction,mnar,train_and_prediction,protected_group_mixing,0.7581086617496309,0.5341289863632428,0.17006598801399236,135.85017831945447
ACSMobility,geographic,none_observed,mcar,train_and_prediction,protected_group_mixing,0.7590984620194388,0.5335389596366026,0.16952321297638992,31.67660126431944
ACSMobility,geographic,full,mcar,train_and_prediction,reweighing,0.7588510032718091,0.533097100389299,0.16957489977414095,31.862081581800382
ACSMobility,geographic,mcar_10_train_prediction,mcar,train_and_prediction,reweighing,0.7590219332746212,0.5335953201738084,0.16952494390775907,31.663588586415834
ACSMobility,geographic,mcar_20_train_prediction,mcar,train_and_prediction,reweighing,0.7590369779979576,0.5337767931903007,0.1695214504356343,31.81118190941404
ACSMobility,geographic,mcar_40_train_prediction,mcar,train_and_prediction,reweighing,0.7589851262078241,0.5334391181479037,0.16954813958433604,31.74917219541646
ACSMobility,geographic,mcar_50_train_prediction,mcar,train_and_prediction,reweighing,0.7591018645330232,0.5337530216563346,0.16951846033879397,31.697470248438172
ACSMobility,geographic,mcar_60_train_prediction,mcar,train_and_prediction,reweighing,0.7590044157801483,0.5332168973149677,0.16953285701979728,31.71060474887532
ACSMobility,geographic,mcar_80_train_prediction,mcar,train_and_prediction,reweighing,0.7590579497908849,0.5334293113788533,0.1695638728193088,31.822103836505132
ACSMobility,geographic,mnar_10_train_prediction,mnar,train_and_prediction,reweighing,0.7591054789106043,0.5337053482565656,0.1695155014049466,31.664538369560738
ACSMobility,geographic,mnar_20_train_prediction,mnar,train_and_prediction,reweighing,0.7590425762703146,0.53356539369958,0.16950135606444586,31.685889323311837
ACSMobility,geographic,mnar_50_train_prediction,mnar,train_and_prediction,reweighing,0.7590406886931916,0.5336566476029345,0.16951393485081903,31.713412398922316
ACSMobility,geographic,none_observed,mcar,train_and_prediction,reweighing,0.7590984620194388,0.5335389596366026,0.16952321297638992,31.64726880518561
ACSMobility,geographic,full,mcar,train_and_prediction,threshold_optimizer_eo,0.5544510776784738,0.5896407288861409,0.4455489223215262,6.257510901091729
ACSMobility,geographic,mcar_10_train_prediction,mcar,train_and_prediction,threshold_optimizer_eo,0.49757772891364005,0.5730296576844157,0.50242227108636,6.07082960862419
ACSMobility,geographic,mcar_20_train_prediction,mcar,train_and_prediction,threshold_optimizer_eo,0.4835413091895943,0.5688553942741508,0.5164586908104056,6.1415945173938455
ACSMobility,geographic,mcar_40_train_prediction,mcar,train_and_prediction,threshold_optimizer_eo,0.5274356313600245,0.5843772820202691,0.47256436863997553,6.253264598769296
ACSMobility,geographic,mcar_50_train_prediction,mcar,train_and_prediction,threshold_optimizer_eo,0.5041732912511256,0.5801110670626146,0.4958267087488743,6.24990849632035
ACSMobility,geographic,mcar_60_train_prediction,mcar,train_and_prediction,threshold_optimizer_eo,0.5375864976869371,0.5864243981503556,0.46241350231306283,6.372345721498903
ACSMobility,geographic,mcar_80_train_prediction,mcar,train_and_prediction,threshold_optimizer_eo,0.5401686385041102,0.5853424165636634,0.45983136149588966,6.373038185427726
ACSMobility,geographic,mnar_10_train_prediction,mnar,train_and_prediction,threshold_optimizer_eo,0.5181042825259561,0.582759913908849,0.48189571747404386,6.0022344559680425
ACSMobility,geographic,mnar_20_train_prediction,mnar,train_and_prediction,threshold_optimizer_eo,0.4850093684420794,0.574337287041865,0.5149906315579206,6.070965383383467
ACSMobility,geographic,mnar_50_train_prediction,mnar,train_and_prediction,threshold_optimizer_eo,0.4837729799583416,0.5716448681930152,0.5162270200416583,6.156386327664172
ACSMobility,geographic,none_observed,mcar,train_and_prediction,threshold_optimizer_eo,0.6326918230532935,0.6396725884561986,0.3673081769467064,5.636163344400033
ACSMobility,temporal,full,mcar,train_and_prediction,erm,0.7561833832291942,0.5323339922933243,0.17205470553574587,32.73815248140006
ACSMobility,temporal,mcar_10_train_prediction,mcar,train_and_prediction,erm,0.7561833832291942,0.5323339922933243,0.17205470553574587,32.29960294153164
ACSMobility,temporal,mcar_20_train_prediction,mcar,train_and_prediction,erm,0.7561833832291942,0.5323339922933243,0.17205470553574587,32.18273959533902
ACSMobility,temporal,mcar_40_train_prediction,mcar,train_and_prediction,erm,0.7561833832291942,0.5323339922933243,0.17205470553574587,32.22373908852945
ACSMobility,temporal,mcar_50_train_prediction,mcar,train_and_prediction,erm,0.7561833832291942,0.5323339922933243,0.17205470553574587,32.25596796092965
ACSMobility,temporal,mcar_60_train_prediction,mcar,train_and_prediction,erm,0.7561833832291942,0.5323339922933243,0.17205470553574587,32.32700758613016
ACSMobility,temporal,mcar_80_train_prediction,mcar,train_and_prediction,erm,0.7561833832291942,0.5323339922933243,0.17205470553574587,32.31266174980001
ACSMobility,temporal,mnar_10_train_prediction,mnar,train_and_prediction,erm,0.7561833832291942,0.5323339922933243,0.17205470553574587,32.26737324899781
ACSMobility,temporal,mnar_20_train_prediction,mnar,train_and_prediction,erm,0.7561833832291942,0.5323339922933243,0.17205470553574587,32.357499357938224
ACSMobility,temporal,mnar_50_train_prediction,mnar,train_and_prediction,erm,0.7561833832291942,0.5323339922933243,0.17205470553574587,32.306201684935935
ACSMobility,temporal,none_observed,mcar,train_and_prediction,erm,0.7561833832291942,0.5323339922933243,0.17205470553574587,32.3479342963894
ACSMobility,temporal,full,mcar,train_and_prediction,feature_mixing,0.7566133842709182,0.5360294932824509,0.1720611307555023,141.8271518124694
ACSMobility,temporal,mcar_10_train_prediction,mcar,train_and_prediction,feature_mixing,0.7566133842709182,0.5360294932824509,0.1720611307555023,140.7691264184606
ACSMobility,temporal,mcar_20_train_prediction,mcar,train_and_prediction,feature_mixing,0.7566133842709182,0.5360294932824509,0.1720611307555023,140.33875527466245
ACSMobility,temporal,mcar_40_train_prediction,mcar,train_and_prediction,feature_mixing,0.7566133842709182,0.5360294932824509,0.1720611307555023,140.4880591904636
ACSMobility,temporal,mcar_50_train_prediction,mcar,train_and_prediction,feature_mixing,0.7566133842709182,0.5360294932824509,0.1720611307555023,140.7994060615938
ACSMobility,temporal,mcar_60_train_prediction,mcar,train_and_prediction,feature_mixing,0.7566133842709182,0.5360294932824509,0.1720611307555023,141.00403005960587
ACSMobility,temporal,mcar_80_train_prediction,mcar,train_and_prediction,feature_mixing,0.7566133842709182,0.5360294932824509,0.1720611307555023,141.43923334066508
ACSMobility,temporal,mnar_10_train_prediction,mnar,train_and_prediction,feature_mixing,0.7566133842709182,0.5360294932824509,0.1720611307555023,140.31884160633746
ACSMobility,temporal,mnar_20_train_prediction,mnar,train_and_prediction,feature_mixing,0.7566133842709182,0.5360294932824509,0.1720611307555023,140.8863685586001
ACSMobility,temporal,mnar_50_train_prediction,mnar,train_and_prediction,feature_mixing,0.7566133842709182,0.5360294932824509,0.1720611307555023,140.44810114119917
ACSMobility,temporal,none_observed,mcar,train_and_prediction,feature_mixing,0.7566133842709182,0.5360294932824509,0.1720611307555023,140.6121679970705
ACSMobility,temporal,full,mcar,train_and_prediction,protected_group_mixing,0.7559917064372974,0.53446941218992,0.172187598399984,139.00334872733592
ACSMobility,temporal,mcar_10_train_prediction,mcar,train_and_prediction,protected_group_mixing,0.7547833624369932,0.5297375978465712,0.17293566863971835,133.61158305140543
ACSMobility,temporal,mcar_20_train_prediction,mcar,train_and_prediction,protected_group_mixing,0.7551500318537702,0.5307643680747887,0.1728177607409275,133.33811602959753
ACSMobility,temporal,mcar_40_train_prediction,mcar,train_and_prediction,protected_group_mixing,0.7556050359371785,0.5329367529812605,0.17253097157135808,135.02753416860736
ACSMobility,temporal,mcar_50_train_prediction,mcar,train_and_prediction,protected_group_mixing,0.7555800328954422,0.5331820624745434,0.17239645872531953,137.72887183126429
ACSMobility,temporal,mcar_60_train_prediction,mcar,train_and_prediction,protected_group_mixing,0.7558100366038389,0.5338628646710156,0.17233498074029377,137.47045209145926
ACSMobility,temporal,mcar_80_train_prediction,mcar,train_and_prediction,protected_group_mixing,0.7561217105206828,0.5345992109215281,0.17226128919415098,139.39651326240994
ACSMobility,temporal,mnar_10_train_prediction,mnar,train_and_prediction,protected_group_mixing,0.7548216955202828,0.5297629855019862,0.17298960635470634,133.7332750670636
ACSMobility,temporal,mnar_20_train_prediction,mnar,train_and_prediction,protected_group_mixing,0.7550283573535389,0.5303613286390257,0.1729042678586191,135.48935140546504
ACSMobility,temporal,mnar_50_train_prediction,mnar,train_and_prediction,protected_group_mixing,0.7554083590618733,0.5316092583594879,0.1726415873205533,134.417898949063
ACSMobility,temporal,none_observed,mcar,train_and_prediction,protected_group_mixing,0.7561833832291942,0.5323339922933243,0.17205470553574587,32.29548430139906
ACSMobility,temporal,full,mcar,train_and_prediction,reweighing,0.7559833761456358,0.531888265756817,0.17208617453506,32.292892938197504
ACSMobility,temporal,mcar_10_train_prediction,mcar,train_and_prediction,reweighing,0.7559500430206391,0.5317451358689467,0.17193398194879914,32.32480098219688
ACSMobility,temporal,mcar_20_train_prediction,mcar,train_and_prediction,reweighing,0.7560483765206368,0.5324224775165247,0.17198811343970738,32.2521804672658
ACSMobility,temporal,mcar_40_train_prediction,mcar,train_and_prediction,reweighing,0.7562550461040765,0.5324656108165728,0.17203994299267636,32.24054694399614
ACSMobility,temporal,mcar_50_train_prediction,mcar,train_and_prediction,reweighing,0.7559433749789337,0.5314978152811176,0.17199945048190302,32.224671463603286
ACSMobility,temporal,mcar_60_train_prediction,mcar,train_and_prediction,reweighing,0.7559217064788837,0.5316154014751319,0.17207981238208694,32.18088530313016
ACSMobility,temporal,mcar_80_train_prediction,mcar,train_and_prediction,reweighing,0.7559383762706641,0.5317575809500313,0.17202549354460095,32.37853174066932
ACSMobility,temporal,mnar_10_train_prediction,mnar,train_and_prediction,reweighing,0.7559417097289692,0.5318029737594182,0.171969321315005,32.18232318313688
ACSMobility,temporal,mnar_20_train_prediction,mnar,train_and_prediction,reweighing,0.7560733772706724,0.5318141194164744,0.17202024914083758,32.27239588192963
ACSMobility,temporal,mnar_50_train_prediction,mnar,train_and_prediction,reweighing,0.7561200437706557,0.531982322650099,0.17197465861500616,32.31424440914149
ACSMobility,temporal,none_observed,mcar,train_and_prediction,reweighing,0.7561833832291942,0.5323339922933243,0.17205470553574587,32.21837656813211
ACSMobility,temporal,full,mcar,train_and_prediction,threshold_optimizer_eo,0.6002828840396681,0.5991940728021762,0.3997171159603319,6.673075923537089
ACSMobility,temporal,mcar_10_train_prediction,mcar,train_and_prediction,threshold_optimizer_eo,0.4896318125921713,0.5746769421010216,0.5103681874078287,6.482860218803095
ACSMobility,temporal,mcar_20_train_prediction,mcar,train_and_prediction,threshold_optimizer_eo,0.44066623680303785,0.5574794632120168,0.5593337631969622,6.512597049328724
ACSMobility,temporal,mcar_40_train_prediction,mcar,train_and_prediction,threshold_optimizer_eo,0.5342925170709396,0.571544721499365,0.46570748292906033,6.566584814933473
ACSMobility,temporal,mcar_50_train_prediction,mcar,train_and_prediction,threshold_optimizer_eo,0.501961772998181,0.5837390688228761,0.49803822700181904,6.640279393603972
ACSMobility,temporal,mcar_60_train_prediction,mcar,train_and_prediction,threshold_optimizer_eo,0.5673288025129337,0.5862826132418469,0.43267119748706623,6.61123389573125
ACSMobility,temporal,mcar_80_train_prediction,mcar,train_and_prediction,threshold_optimizer_eo,0.5846987795065,0.5960109002799615,0.41530122049350005,6.639526254992324
ACSMobility,temporal,mnar_10_train_prediction,mnar,train_and_prediction,threshold_optimizer_eo,0.521081940411368,0.5687340502061102,0.478918059588632,6.290319436593685
ACSMobility,temporal,mnar_20_train_prediction,mnar,train_and_prediction,threshold_optimizer_eo,0.49081853038147416,0.5696256382302411,0.5091814696185257,6.4358816306605755
ACSMobility,temporal,mnar_50_train_prediction,mnar,train_and_prediction,threshold_optimizer_eo,0.5049765524694083,0.5696128664984109,0.49502344753059174,6.636103975077276
ACSMobility,temporal,none_observed,mcar,train_and_prediction,threshold_optimizer_eo,0.6283233357131702,0.6374966260566338,0.3716766642868298,5.993573184536762
ACSPublicCoverage,geographic,full,mcar,train_and_prediction,erm,0.7643391392311849,0.6733561124195849,0.16416718134939534,27.046543703191887
ACSPublicCoverage,geographic,mcar_10_train_prediction,mcar,train_and_prediction,erm,0.7643391392311849,0.6733561124195849,0.16416718134939534,26.875234835486218
ACSPublicCoverage,geographic,mcar_20_train_prediction,mcar,train_and_prediction,erm,0.7643391392311849,0.6733561124195849,0.16416718134939534,26.857330497695934
ACSPublicCoverage,geographic,mcar_40_train_prediction,mcar,train_and_prediction,erm,0.7643391392311849,0.6733561124195849,0.16416718134939534,26.614637875192297
ACSPublicCoverage,geographic,mcar_50_train_prediction,mcar,train_and_prediction,erm,0.7643391392311849,0.6733561124195849,0.16416718134939534,26.660269326793117
ACSPublicCoverage,geographic,mcar_60_train_prediction,mcar,train_and_prediction,erm,0.7643391392311849,0.6733561124195849,0.16416718134939534,26.655941166319316
ACSPublicCoverage,geographic,mcar_80_train_prediction,mcar,train_and_prediction,erm,0.7643391392311849,0.6733561124195849,0.16416718134939534,26.65013267477328
ACSPublicCoverage,geographic,mnar_10_train_prediction,mnar,train_and_prediction,erm,0.7643391392311849,0.6733561124195849,0.16416718134939534,26.709931363711615
ACSPublicCoverage,geographic,mnar_20_train_prediction,mnar,train_and_prediction,erm,0.7643391392311849,0.6733561124195849,0.16416718134939534,26.714196513542237
ACSPublicCoverage,geographic,mnar_50_train_prediction,mnar,train_and_prediction,erm,0.7643391392311849,0.6733561124195849,0.16416718134939534,26.60174479281142
ACSPublicCoverage,geographic,none_observed,mcar,train_and_prediction,erm,0.7643391392311849,0.6733561124195849,0.16416718134939534,26.710045309225112
ACSPublicCoverage,geographic,full,mcar,train_and_prediction,feature_mixing,0.7640708993455504,0.6743095482598994,0.16419027115596757,135.63140305052943
ACSPublicCoverage,geographic,mcar_10_train_prediction,mcar,train_and_prediction,feature_mixing,0.7640708993455504,0.6743095482598994,0.16419027115596757,134.9531926928936
ACSPublicCoverage,geographic,mcar_20_train_prediction,mcar,train_and_prediction,feature_mixing,0.7640708993455504,0.6743095482598994,0.16419027115596757,134.8381115936828
ACSPublicCoverage,geographic,mcar_40_train_prediction,mcar,train_and_prediction,feature_mixing,0.7640708993455504,0.6743095482598994,0.16419027115596757,134.60359663217037
ACSPublicCoverage,geographic,mcar_50_train_prediction,mcar,train_and_prediction,feature_mixing,0.7640708993455504,0.6743095482598994,0.16419027115596757,134.57020637774417
ACSPublicCoverage,geographic,mcar_60_train_prediction,mcar,train_and_prediction,feature_mixing,0.7640708993455504,0.6743095482598994,0.16419027115596757,134.75195307737175
ACSPublicCoverage,geographic,mcar_80_train_prediction,mcar,train_and_prediction,feature_mixing,0.7640708993455504,0.6743095482598994,0.16419027115596757,134.96783700781594
ACSPublicCoverage,geographic,mnar_10_train_prediction,mnar,train_and_prediction,feature_mixing,0.7640708993455504,0.6743095482598994,0.16419027115596757,134.74699019402445
ACSPublicCoverage,geographic,mnar_20_train_prediction,mnar,train_and_prediction,feature_mixing,0.7640708993455504,0.6743095482598994,0.16419027115596757,134.96396172119933
ACSPublicCoverage,geographic,mnar_50_train_prediction,mnar,train_and_prediction,feature_mixing,0.7640708993455504,0.6743095482598994,0.16419027115596757,134.6384512639915
ACSPublicCoverage,geographic,none_observed,mcar,train_and_prediction,feature_mixing,0.7640708993455504,0.6743095482598994,0.16419027115596757,134.81620929653369
ACSPublicCoverage,geographic,full,mcar,train_and_prediction,protected_group_mixing,0.7624987266162292,0.6688546709572979,0.165125739171677,131.90632565244894
ACSPublicCoverage,geographic,mcar_10_train_prediction,mcar,train_and_prediction,protected_group_mixing,0.7605675171241334,0.6649590146525882,0.1662038247436886,125.66104369516054
ACSPublicCoverage,geographic,mcar_20_train_prediction,mcar,train_and_prediction,protected_group_mixing,0.7610227597672828,0.6666934522364634,0.16573501432888385,127.96447061176018
ACSPublicCoverage,geographic,mcar_40_train_prediction,mcar,train_and_prediction,protected_group_mixing,0.7620406919217134,0.668188986265533,0.16530296357010224,129.60040873539393
ACSPublicCoverage,geographic,mcar_50_train_prediction,mcar,train_and_prediction,protected_group_mixing,0.7623801236831602,0.6689274046257901,0.1651797550095265,130.14130681177605
ACSPublicCoverage,geographic,mcar_60_train_prediction,mcar,train_and_prediction,protected_group_mixing,0.7622191699845703,0.6688637855907827,0.165189792254069,130.80380085766674
ACSPublicCoverage,geographic,mcar_80_train_prediction,mcar,train_and_prediction,protected_group_mixing,0.7624411127429394,0.6689858385303455,0.16505393347827124,131.28906271814853
ACSPublicCoverage,geographic,mnar_10_train_prediction,mnar,train_and_prediction,protected_group_mixing,0.7594412621612693,0.6622128499082748,0.1666965347291306,122.11306872076207
ACSPublicCoverage,geographic,mnar_20_train_prediction,mnar,train_and_prediction,protected_group_mixing,0.7599607356119037,0.6644489394567012,0.16639996122758782,125.12552746135331
ACSPublicCoverage,geographic,mnar_50_train_prediction,mnar,train_and_prediction,protected_group_mixing,0.7612298245038364,0.6664976423017004,0.1657149189311689,127.53575385478818
ACSPublicCoverage,geographic,none_observed,mcar,train_and_prediction,protected_group_mixing,0.7643391392311849,0.6733561124195849,0.16416718134939534,26.671436966000577
ACSPublicCoverage,geographic,full,mcar,train_and_prediction,reweighing,0.7632680431521385,0.6692436363711657,0.16465558427915103,26.408652081610274
ACSPublicCoverage,geographic,mcar_10_train_prediction,mcar,train_and_prediction,reweighing,0.7640529347774327,0.6726480815409519,0.16422807698714414,26.774319613897415
ACSPublicCoverage,geographic,mcar_20_train_prediction,mcar,train_and_prediction,reweighing,0.764028502568755,0.6723314057969694,0.16425437079303792,26.711927663884772
ACSPublicCoverage,geographic,mcar_40_train_prediction,mcar,train_and_prediction,reweighing,0.7636910831481326,0.6712552465501467,0.16431933672609386,26.470180120159085
ACSPublicCoverage,geographic,mcar_50_train_prediction,mcar,train_and_prediction,reweighing,0.7637023998480102,0.6709210641769472,0.1643758518229552,26.40192654164682
ACSPublicCoverage,geographic,mcar_60_train_prediction,mcar,train_and_prediction,reweighing,0.7635391545028201,0.6705697798816007,0.16441983656701153,26.432919000248084
ACSPublicCoverage,geographic,mcar_80_train_prediction,mcar,train_and_prediction,reweighing,0.7635084804899804,0.6700456969626081,0.16452734188435228,26.351818172841273
ACSPublicCoverage,geographic,mnar_10_train_prediction,mnar,train_and_prediction,reweighing,0.7643857863512584,0.6731868868959185,0.16420143425522715,26.730329262116765
ACSPublicCoverage,geographic,mnar_20_train_prediction,mnar,train_and_prediction,reweighing,0.764156538327592,0.6726988754216955,0.16423468380823908,26.67574077207053
ACSPublicCoverage,geographic,mnar_50_train_prediction,mnar,train_and_prediction,reweighing,0.7641860722079118,0.6722896685582871,0.16427423088106582,26.56267419965047
ACSPublicCoverage,geographic,none_observed,mcar,train_and_prediction,reweighing,0.7643391392311849,0.6733561124195849,0.16416718134939534,26.673142465559906
ACSPublicCoverage,geographic,full,mcar,train_and_prediction,threshold_optimizer_eo,0.6226561218883454,0.6118992969705728,0.37734387811165454,6.654976911198417
ACSPublicCoverage,geographic,mcar_10_train_prediction,mcar,train_and_prediction,threshold_optimizer_eo,0.647671996968059,0.5790751912063575,0.3523280030319409,6.684384459727262
ACSPublicCoverage,geographic,mcar_20_train_prediction,mcar,train_and_prediction,threshold_optimizer_eo,0.6486485662169321,0.584478147055323,0.35135143378306793,6.802355446224356
ACSPublicCoverage,geographic,mcar_40_train_prediction,mcar,train_and_prediction,threshold_optimizer_eo,0.6260354007321627,0.6013450834389329,0.37396459926783726,6.825296714592514
ACSPublicCoverage,geographic,mcar_50_train_prediction,mcar,train_and_prediction,threshold_optimizer_eo,0.6356332652776489,0.6031279514180922,0.36436673472235104,6.67159412440846
ACSPublicCoverage,geographic,mcar_60_train_prediction,mcar,train_and_prediction,threshold_optimizer_eo,0.6345834526767334,0.6041442030255825,0.36541654732326645,6.681492562253501
ACSPublicCoverage,geographic,mcar_80_train_prediction,mcar,train_and_prediction,threshold_optimizer_eo,0.6107236849314597,0.6109913883203626,0.3892763150685402,6.676232054680211
ACSPublicCoverage,geographic,mnar_10_train_prediction,mnar,train_and_prediction,threshold_optimizer_eo,0.6303754371252722,0.6057945382340458,0.3696245628747277,6.398680232312203
ACSPublicCoverage,geographic,mnar_20_train_prediction,mnar,train_and_prediction,threshold_optimizer_eo,0.6395743188515934,0.5828342581105589,0.3604256811484065,6.717208456438027
ACSPublicCoverage,geographic,mnar_50_train_prediction,mnar,train_and_prediction,threshold_optimizer_eo,0.6350415354669832,0.5893818014751708,0.3649584645330167,6.794186963289001
ACSPublicCoverage,geographic,none_observed,mcar,train_and_prediction,threshold_optimizer_eo,0.7225550970442013,0.7185066398990201,0.2774449029557987,6.066811936526843
ACSPublicCoverage,temporal,full,mcar,train_and_prediction,erm,0.7772387671454123,0.6677632563061595,0.1551806916729592,26.969543065535497
ACSPublicCoverage,temporal,mcar_10_train_prediction,mcar,train_and_prediction,erm,0.7772387671454123,0.6677632563061595,0.1551806916729592,26.405630541336116
ACSPublicCoverage,temporal,mcar_20_train_prediction,mcar,train_and_prediction,erm,0.7772387671454123,0.6677632563061595,0.1551806916729592,26.81710334033875
ACSPublicCoverage,temporal,mcar_40_train_prediction,mcar,train_and_prediction,erm,0.7772387671454123,0.6677632563061595,0.1551806916729592,26.581918890600598
ACSPublicCoverage,temporal,mcar_50_train_prediction,mcar,train_and_prediction,erm,0.7772387671454123,0.6677632563061595,0.1551806916729592,26.543149146264962
ACSPublicCoverage,temporal,mcar_60_train_prediction,mcar,train_and_prediction,erm,0.7772387671454123,0.6677632563061595,0.1551806916729592,26.645508620659772
ACSPublicCoverage,temporal,mcar_80_train_prediction,mcar,train_and_prediction,erm,0.7772387671454123,0.6677632563061595,0.1551806916729592,26.403169341401977
ACSPublicCoverage,temporal,mnar_10_train_prediction,mnar,train_and_prediction,erm,0.7772387671454123,0.6677632563061595,0.1551806916729592,26.396310074061088
ACSPublicCoverage,temporal,mnar_20_train_prediction,mnar,train_and_prediction,erm,0.7772387671454123,0.6677632563061595,0.1551806916729592,26.363530114468933
ACSPublicCoverage,temporal,mnar_50_train_prediction,mnar,train_and_prediction,erm,0.7772387671454123,0.6677632563061595,0.1551806916729592,26.417137636199065
ACSPublicCoverage,temporal,none_observed,mcar,train_and_prediction,erm,0.7772387671454123,0.6677632563061595,0.1551806916729592,26.48747998014369
ACSPublicCoverage,temporal,full,mcar,train_and_prediction,feature_mixing,0.7771937620615726,0.6693538440610319,0.15583704692141753,132.28134758493337
ACSPublicCoverage,temporal,mcar_10_train_prediction,mcar,train_and_prediction,feature_mixing,0.7771937620615726,0.6693538440610319,0.15583704692141753,131.80750172139426
ACSPublicCoverage,temporal,mcar_20_train_prediction,mcar,train_and_prediction,feature_mixing,0.7771937620615726,0.6693538440610319,0.15583704692141753,133.06790594833097
ACSPublicCoverage,temporal,mcar_40_train_prediction,mcar,train_and_prediction,feature_mixing,0.7771937620615726,0.6693538440610319,0.15583704692141753,131.74864136559682
ACSPublicCoverage,temporal,mcar_50_train_prediction,mcar,train_and_prediction,feature_mixing,0.7771937620615726,0.6693538440610319,0.15583704692141753,131.4987259321362
ACSPublicCoverage,temporal,mcar_60_train_prediction,mcar,train_and_prediction,feature_mixing,0.7771937620615726,0.6693538440610319,0.15583704692141753,132.24266323521084
ACSPublicCoverage,temporal,mcar_80_train_prediction,mcar,train_and_prediction,feature_mixing,0.7771937620615726,0.6693538440610319,0.15583704692141753,131.49817569760745
ACSPublicCoverage,temporal,mnar_10_train_prediction,mnar,train_and_prediction,feature_mixing,0.7771937620615726,0.6693538440610319,0.15583704692141753,131.16075261426013
ACSPublicCoverage,temporal,mnar_20_train_prediction,mnar,train_and_prediction,feature_mixing,0.7771937620615726,0.6693538440610319,0.15583704692141753,131.26316418780553
ACSPublicCoverage,temporal,mnar_50_train_prediction,mnar,train_and_prediction,feature_mixing,0.7771937620615726,0.6693538440610319,0.15583704692141753,131.5893495671319
ACSPublicCoverage,temporal,none_observed,mcar,train_and_prediction,feature_mixing,0.7771937620615726,0.6693538440610319,0.15583704692141753,131.8044696252633
ACSPublicCoverage,temporal,full,mcar,train_and_prediction,protected_group_mixing,0.7761887068479127,0.6658817202814958,0.15614116968530595,129.81990538606271
ACSPublicCoverage,temporal,mcar_10_train_prediction,mcar,train_and_prediction,protected_group_mixing,0.7734351604096584,0.6610081941755007,0.157797195497007,124.46506650385915
ACSPublicCoverage,temporal,mcar_20_train_prediction,mcar,train_and_prediction,protected_group_mixing,0.7748602733792377,0.6634996228804868,0.15706125260937592,125.03354981307378
ACSPublicCoverage,temporal,mcar_40_train_prediction,mcar,train_and_prediction,protected_group_mixing,0.7756453273847299,0.6651791567402745,0.15654862317348847,127.84002700580507
ACSPublicCoverage,temporal,mcar_50_train_prediction,mcar,train_and_prediction,protected_group_mixing,0.7756736550093914,0.6653126837136725,0.15641715595433842,128.02341500405637
ACSPublicCoverage,temporal,mcar_60_train_prediction,mcar,train_and_prediction,protected_group_mixing,0.7758303421362239,0.665326139069879,0.15621360335987083,129.0093501821925
ACSPublicCoverage,temporal,mcar_80_train_prediction,mcar,train_and_prediction,protected_group_mixing,0.7759970175957438,0.6656549711813283,0.15621648552729153,129.53457261200336
ACSPublicCoverage,temporal,mnar_10_train_prediction,mnar,train_and_prediction,protected_group_mixing,0.7726417771546683,0.6595545225084055,0.15809948438269625,118.84326449299843
ACSPublicCoverage,temporal,mnar_20_train_prediction,mnar,train_and_prediction,protected_group_mixing,0.7730601097795464,0.6602046977114026,0.15786476290628226,122.76904695351914
ACSPublicCoverage,temporal,mnar_50_train_prediction,mnar,train_and_prediction,protected_group_mixing,0.7745535836270271,0.6629489167629186,0.15702801672090042,126.17908348232886
ACSPublicCoverage,temporal,none_observed,mcar,train_and_prediction,protected_group_mixing,0.7772387671454123,0.6677632563061595,0.1551806916729592,26.56389425493641
ACSPublicCoverage,temporal,full,mcar,train_and_prediction,reweighing,0.7757903320937601,0.6641025620301999,0.15561698006013758,26.157534711598842
ACSPublicCoverage,temporal,mcar_10_train_prediction,mcar,train_and_prediction,reweighing,0.7773254394375613,0.6675911833050413,0.1552043273737155,26.47731375413229
ACSPublicCoverage,temporal,mcar_20_train_prediction,mcar,train_and_prediction,reweighing,0.7769654205608476,0.6669644540544254,0.15524804652132249,26.37194974080236
ACSPublicCoverage,temporal,mcar_40_train_prediction,mcar,train_and_prediction,reweighing,0.7768053943499171,0.6663140583946977,0.1553198870470669,26.37600978840437
ACSPublicCoverage,temporal,mcar_50_train_prediction,mcar,train_and_prediction,reweighing,0.7766970695176048,0.6660014178287972,0.15539374190767322,26.241253325199796
ACSPublicCoverage,temporal,mcar_60_train_prediction,mcar,train_and_prediction,reweighing,0.7765420609333692,0.6657058370067113,0.1554052448723825,26.30942727327274
ACSPublicCoverage,temporal,mcar_80_train_prediction,mcar,train_and_prediction,reweighing,0.7762620356807545,0.6647806864159918,0.1555157510957968,26.12780927959217
ACSPublicCoverage,temporal,mnar_10_train_prediction,mnar,train_and_prediction,reweighing,0.7771654344788457,0.6674753670428586,0.15522612266021685,26.271314535542963
ACSPublicCoverage,temporal,mnar_20_train_prediction,mnar,train_and_prediction,reweighing,0.7771021025622936,0.6671810341933936,0.15521753933770654,26.290163309539274
ACSPublicCoverage,temporal,mnar_50_train_prediction,mnar,train_and_prediction,reweighing,0.7772654401462208,0.6670237360340302,0.15526175718516805,26.33196843481237
ACSPublicCoverage,temporal,none_observed,mcar,train_and_prediction,reweighing,0.7772387671454123,0.6677632563061595,0.1551806916729592,26.571573966276144
ACSPublicCoverage,temporal,full,mcar,train_and_prediction,threshold_optimizer_eo,0.5639553576157326,0.6021164546823153,0.4360446423842674,7.800753446483153
ACSPublicCoverage,temporal,mcar_10_train_prediction,mcar,train_and_prediction,threshold_optimizer_eo,0.6706388621589203,0.5351341520585188,0.3293611378410796,7.741587587587371
ACSPublicCoverage,temporal,mcar_20_train_prediction,mcar,train_and_prediction,threshold_optimizer_eo,0.6430174379431796,0.5714238035975521,0.35698256205682033,7.681852630203866
ACSPublicCoverage,temporal,mcar_40_train_prediction,mcar,train_and_prediction,threshold_optimizer_eo,0.6387686939959174,0.593563972234375,0.3612313060040826,7.971400412671998
ACSPublicCoverage,temporal,mcar_50_train_prediction,mcar,train_and_prediction,threshold_optimizer_eo,0.606647658197314,0.611242505259494,0.3933523418026859,7.846570044991677
ACSPublicCoverage,temporal,mcar_60_train_prediction,mcar,train_and_prediction,threshold_optimizer_eo,0.6058606390778667,0.5998575499093698,0.3941393609221332,7.809871128065788
ACSPublicCoverage,temporal,mcar_80_train_prediction,mcar,train_and_prediction,threshold_optimizer_eo,0.5943354609144768,0.5937171707800009,0.4056645390855233,7.941020840537749
ACSPublicCoverage,temporal,mnar_10_train_prediction,mnar,train_and_prediction,threshold_optimizer_eo,0.6208807845462173,0.5902696619610649,0.37911921545378274,7.507175867669745
ACSPublicCoverage,temporal,mnar_20_train_prediction,mnar,train_and_prediction,threshold_optimizer_eo,0.65655069388745,0.566615369055139,0.34344930611255,7.712973958726797
ACSPublicCoverage,temporal,mnar_50_train_prediction,mnar,train_and_prediction,threshold_optimizer_eo,0.6541686375566172,0.6037665607022518,0.34583136244338275,7.755169691118741
ACSPublicCoverage,temporal,none_observed,mcar,train_and_prediction,threshold_optimizer_eo,0.7378129554807888,0.729341631345631,0.26218704451921115,7.131309802266817
